idx,img_name,snowflake_class_name,snowflake_class_id,x_rot,y_rot,z_rot,Df,plane_diam,plane_depth,A_char,proj_CH_area,CH_SA,Dmax,Dsemimin,alpha,est_Achar,est_%err,Aproj_rat,beta,A_cross,A_length,A_crat,A_lrat,porosity,sar,sph,cross_sph,length_sph,Aeq,VCH,planar_crystal,aggregate,graupel,columnar_crystal,combo
1,hex_BW_1.png,planar_crystal,3,45,0,0,1.838895394,0.001,4.00E-05,6.50E-07,4.84E-07,1.42E-06,0.000946,0.000681,43.99924904,6.73E-07,3.51E+00,7.45E-01,,4.84E-07,3.15E-07,7.45E-01,4.85E-01,0,4.58E-01,0.299,0.219,0.269,1.06E-07,2.60E-11,1,0,0,0,0
2,hex_BW_2.png,planar_crystal,3,45,15,0,1.80773362,0.001,4.00E-05,6.50E-07,4.72E-07,1.42E-06,0.000997,0.000625,51.17318262,7.53E-07,1.58E+01,7.26E-01,,4.84E-07,3.15E-07,7.45E-01,4.85E-01,0,4.58E-01,0.299,0.219,0.269,1.06E-07,2.60E-11,1,0,0,0,0
3,hex_BW_3.png,planar_crystal,3,45,30,0,1.788248082,0.001,4.00E-05,6.50E-07,4.29E-07,1.42E-06,0.000996,0.000566,55.3245528,7.54E-07,1.60E+01,6.60E-01,,4.84E-07,3.15E-07,7.45E-01,4.85E-01,0,4.58E-01,0.299,0.219,0.269,1.06E-07,2.60E-11,1,0,0,0,0
4,hex_BW_4.png,planar_crystal,3,45,45,0,1.81823983,0.001,4.00E-05,6.50E-07,3.56E-07,1.42E-06,0.00094,0.000499,57.97676579,6.71E-07,3.29E+00,5.48E-01,,4.84E-07,3.15E-07,7.45E-01,4.85E-01,0,4.58E-01,0.299,0.219,0.269,1.06E-07,2.60E-11,1,0,0,0,0
5,hex_BW_5.png,planar_crystal,3,45,60,0,1.837032369,0.001,4.00E-05,6.50E-07,2.64E-07,1.42E-06,0.000941,0.000364,67.2317959,6.82E-07,4.95E+00,4.06E-01,,4.84E-07,3.15E-07,7.45E-01,4.85E-01,0,4.58E-01,0.299,0.219,0.269,1.06E-07,2.60E-11,1,0,0,0,0
6,hex_BW_6.png,planar_crystal,3,45,75,0,1.882052227,0.001,4.00E-05,6.50E-07,1.58E-07,1.42E-06,0.000983,0.000201,78.2242474,7.74E-07,1.91E+01,2.43E-01,,4.84E-07,3.15E-07,7.45E-01,4.85E-01,0,4.58E-01,0.299,0.219,0.269,1.06E-07,2.60E-11,1,0,0,0,0
7,hex_BW_7.png,planar_crystal,3,30,0,0,1.773377237,0.001,4.00E-05,6.50E-07,5.80E-07,1.42E-06,0.000977,0.000792,35.82115263,7.15E-07,1.00E+01,8.92E-01,,3.55E-07,3.74E-07,5.46E-01,5.75E-01,0,4.58E-01,0.299,0.299,0.317,1.06E-07,2.60E-11,1,0,0,0,0
8,hex_BW_8.png,planar_crystal,3,15,0,0,1.723890122,0.001,4.00E-05,6.50E-07,6.36E-07,1.42E-06,0.000997,0.000853,31.18535566,7.43E-07,1.44E+01,9.78E-01,60.3,2.02E-07,4.11E-07,3.11E-01,6.32E-01,0,4.58E-01,0.299,0.526,0.356,1.06E-07,2.60E-11,1,0,0,0,0
9,hex_BW_9.png,planar_crystal,3,45,90,0,1.909646855,0.001,4.00E-05,6.50E-07,4.00E-08,1.42E-06,0.001,4.00E-05,87.70767108,1.00E-06,5.38E+01,6.15E-02,135,4.84E-07,3.15E-07,7.45E-01,4.85E-01,0,4.58E-01,0.299,0.219,0.269,1.06E-07,2.60E-11,1,0,0,0,0
10,hex_BW_10.png,planar_crystal,3,30,15,0,1.767858491,0.001,4.00E-05,6.50E-07,5.65E-07,1.42E-06,0.001,0.000746,41.68380307,7.57E-07,1.64E+01,8.69E-01,,3.55E-07,3.74E-07,5.46E-01,5.75E-01,0,4.58E-01,0.299,0.299,0.317,1.06E-07,2.60E-11,1,0,0,0,0
11,hex_BW_11.png,planar_crystal,3,30,30,0,1.792279061,0.001,4.00E-05,6.50E-07,5.12E-07,1.42E-06,0.00098327,0.000691,45.33982561,7.28E-07,1.21E+01,7.88E-01,,3.55E-07,3.74E-07,5.46E-01,5.75E-01,0,4.58E-01,0.299,0.299,0.317,1.06E-07,2.60E-11,1,0,0,0,0
12,hex_BW_12.png,planar_crystal,3,30,45,0,1.796122051,0.001,4.00E-05,6.50E-07,4.24E-07,1.42E-06,0.00094516,0.000597,50.79130205,6.71E-07,3.19E+00,6.52E-01,,3.55E-07,3.74E-07,5.46E-01,5.75E-01,0,4.58E-01,0.299,0.299,0.317,1.06E-07,2.60E-11,1,0,0,0,0
13,hex_BW_13.png,planar_crystal,3,30,60,0,1.826899619,0.001,4.00E-05,6.50E-07,3.16E-07,1.42E-06,0.00097338,0.000423,64.21864797,7.27E-07,1.18E+01,4.86E-01,,3.55E-07,3.74E-07,5.46E-01,5.75E-01,0,4.58E-01,0.299,0.299,0.317,1.06E-07,2.60E-11,1,0,0,0,0
14,hex_BW_14.png,planar_crystal,3,30,75,0,1.879278177,0.001,4.00E-05,6.50E-07,1.84E-07,1.42E-06,0.000994,0.000235,76.32368277,7.78E-07,1.97E+01,2.83E-01,,3.55E-07,3.74E-07,5.46E-01,5.75E-01,0,4.58E-01,0.299,0.299,0.317,1.06E-07,2.60E-11,1,0,0,0,0
15,hex_BW_15.png,planar_crystal,3,30,90,0,1.913975136,0.001,4.00E-05,6.50E-07,4.00E-08,1.42E-06,0.001,4.00E-05,87.70755764,1.00E-06,5.38E+01,6.15E-02,,3.55E-07,3.74E-07,5.46E-01,5.75E-01,0,4.58E-01,0.299,0.299,0.317,1.06E-07,2.60E-11,1,0,0,0,0
16,hex_BW_16.png,planar_crystal,3,15,15,0,1.770849549,0.001,4.00E-05,6.50E-07,6.20E-07,1.42E-06,0.00099889,0.000826,34.21672562,7.50E-07,1.53E+01,9.54E-01,,2.02E-07,4.11E-07,3.11E-01,6.32E-01,0,4.58E-01,0.299,0.526,0.356,1.06E-07,2.60E-11,1,0,0,0,0
17,hex_BW_17.png,planar_crystal,3,15,30,0,1.769865075,0.001,4.00E-05,6.50E-07,5.62E-07,1.42E-06,0.000959,0.000784,35.14943806,6.87E-07,5.74E+00,8.65E-01,,2.02E-07,4.11E-07,3.11E-01,6.32E-01,0,4.58E-01,0.299,0.526,0.356,1.06E-07,2.60E-11,1,0,0,0,0
18,hex_BW_18.png,planar_crystal,3,15,45,0,1.81850912,0.001,4.00E-05,6.50E-07,4.72E-07,1.42E-06,0.000989,0.000631,50.35948534,7.40E-07,1.38E+01,7.26E-01,,2.02E-07,4.11E-07,3.11E-01,6.32E-01,0,4.58E-01,0.299,0.526,0.356,1.06E-07,2.60E-11,1,0,0,0,0
19,hex_BW_19.png,planar_crystal,3,15,60,0,1.844059632,0.001,4.00E-05,6.50E-07,3.48E-07,1.42E-06,0.000995,0.000457,62.64871305,7.57E-07,1.65E+01,5.35E-01,,2.02E-07,4.11E-07,3.11E-01,6.32E-01,0,4.58E-01,0.299,0.526,0.356,1.06E-07,2.60E-11,1,0,0,0,0
20,hex_BW_20.png,planar_crystal,3,15,75,0,1.868236807,0.001,4.00E-05,6.50E-07,2.01E-07,1.42E-06,0.000999,0.000256,75.1599734,7.85E-07,2.07E+01,3.09E-01,,2.02E-07,4.11E-07,3.11E-01,6.32E-01,0,4.58E-01,0.299,0.526,0.356,1.06E-07,2.60E-11,1,0,0,0,0
21,hex_BW_21.png,planar_crystal,3,15,90,0,1.914780636,0.001,4.00E-05,6.50E-07,4.00E-08,1.42E-06,0.001,8.01E-05,85.41166253,5.00E-07,2.31E+01,6.15E-02,,2.02E-07,4.11E-07,3.11E-01,6.32E-01,0,4.58E-01,0.299,0.526,0.356,1.06E-07,2.60E-11,1,0,0,0,0
22,hex_BW_22.png,planar_crystal,3,0,0,0,1.820341464,0.001,4.00E-05,6.50E-07,6.50E-07,1.42E-06,0.001,0.000866,30.00061922,7.51E-07,1.55E+01,1.00E+00,,3.46E-08,4.28E-07,5.32E-02,6.58E-01,0,4.58E-01,0.299,3.06,0.377,1.06E-07,2.60E-11,1,0,0,0,0
23,hex_BW_23.png,planar_crystal,3,0,15,0,1.787566644,0.001,4.00E-05,6.50E-07,6.38E-07,1.42E-06,0.001,0.00085722,30.99413693,7.44E-07,1.45E+01,9.82E-01,,3.46E-08,4.28E-07,5.32E-02,6.58E-01,0,4.58E-01,0.299,3.06,0.377,1.06E-07,2.60E-11,1,0,0,0,0
24,hex_BW_24.png,planar_crystal,3,0,30,0,1.777068861,0.001,4.00E-05,6.50E-07,5.83E-07,1.42E-06,0.001,0.00077,39.64611115,7.57E-07,1.65E+01,8.97E-01,,3.46E-08,4.28E-07,5.32E-02,6.58E-01,0,4.58E-01,0.299,3.06,0.377,1.06E-07,2.60E-11,1,0,0,0,0
25,hex_BW_25.png,planar_crystal,3,0,45,0,1.826645756,0.001,4.00E-05,6.50E-07,4.88E-07,1.42E-06,0.001,0.000641,50.15919459,7.62E-07,1.72E+01,7.51E-01,,3.46E-08,4.28E-07,5.32E-02,6.58E-01,0,4.58E-01,0.299,3.06,0.377,1.06E-07,2.60E-11,1,0,0,0,0
26,hex_BW_26.png,planar_crystal,3,0,60,0,1.856219556,0.001,4.00E-05,6.50E-07,3.59E-07,1.42E-06,0.001,0.000468,62.1178981,7.68E-07,1.81E+01,5.52E-01,,3.46E-08,4.28E-07,5.32E-02,6.58E-01,0,4.58E-01,0.299,3.06,0.377,1.06E-07,2.60E-11,1,0,0,0,0
27,hex_BW_27.png,planar_crystal,3,0,75,0,1.891305021,0.001,4.00E-05,6.50E-07,2.07E-07,1.42E-06,0.001,0.000263,74.76486489,7.88E-07,2.12E+01,3.18E-01,,3.46E-08,4.28E-07,5.32E-02,6.58E-01,0,4.58E-01,0.299,3.06,0.377,1.06E-07,2.60E-11,1,0,0,0,0
28,hex_BW_28.png,planar_crystal,3,0,87,0,1.909700902,0.001,4.00E-05,6.50E-07,7.39E-08,1.42E-06,0.001,8.53E-05,85.1084811,8.67E-07,3.33E+01,1.14E-01,,3.46E-08,4.28E-07,5.32E-02,6.58E-01,0,4.58E-01,0.299,3.06,0.377,1.06E-07,2.60E-11,1,0,0,0,0
29,hex_BW_29.png,planar_crystal,3,60,0,0,1.847776868,0.001,4.00E-05,6.50E-07,3.55E-07,1.42E-06,0.000912,0.000514,55.67809932,6.30E-07,3.14E+00,5.46E-01,,5.80E-07,2.45E-07,8.92E-01,3.77E-01,0,4.58E-01,0.299,0.183,0.228,1.06E-07,2.60E-11,1,0,0,0,0
30,hex_BW_30.png,planar_crystal,3,60,11,0,1.868607399,0.001,4.00E-05,6.50E-07,3.52E-07,1.42E-06,0.000971552,0.000475,60.73659368,7.20E-07,1.08E+01,5.42E-01,,5.80E-07,2.45E-07,8.92E-01,3.77E-01,0,4.58E-01,0.299,0.183,0.228,1.06E-07,2.60E-11,1,0,0,0,0
31,hex_BW_31.png,planar_crystal,3,60,23,0,1.865535661,0.001,4.00E-05,6.50E-07,3.34E-07,1.42E-06,0.001,0.000435,64.20738693,7.68E-07,1.81E+01,5.14E-01,,5.80E-07,2.45E-07,8.92E-01,3.77E-01,0,4.58E-01,0.299,0.183,0.228,1.06E-07,2.60E-11,1,0,0,0,0
32,hex_BW_32.png,planar_crystal,3,60,36,0,1.868369755,0.001,4.00E-05,6.50E-07,2.99E-07,1.42E-06,0.000991,0.000392,66.71631355,7.56E-07,1.64E+01,4.60E-01,,5.80E-07,2.45E-07,8.92E-01,3.77E-01,0,4.58E-01,0.299,0.183,0.228,1.06E-07,2.60E-11,1,0,0,0,0
33,hex_BW_33.png,planar_crystal,3,60,42,0,1.881026564,0.001,4.00E-05,6.50E-07,2.77E-07,1.42E-06,0.000971,0.00037,,,,4.26E-01,,5.80E-07,2.45E-07,8.92E-01,3.77E-01,0,4.58E-01,0.299,0.183,0.228,1.06E-07,2.60E-11,1,0,0,0,0
34,hex_BW_34.png,planar_crystal,3,60,51,0,1.884305734,0.001,4.00E-05,6.50E-07,2.39E-07,1.42E-06,0.000923,0.000335,,,,3.68E-01,,5.80E-07,2.45E-07,8.92E-01,3.77E-01,0,4.58E-01,0.299,0.183,0.228,1.06E-07,2.60E-11,1,0,0,0,0
35,hex_BW_35.png,planar_crystal,3,60,65,0,1.883196592,0.001,4.00E-05,6.50E-07,1.74E-07,1.42E-06,,,,,,2.68E-01,,5.80E-07,2.45E-07,8.92E-01,3.77E-01,0,4.58E-01,0.299,0.183,0.228,1.06E-07,2.60E-11,1,0,0,0,0
36,hex_BW_36.png,planar_crystal,3,60,77,0,1.905470934,0.001,4.00E-05,6.50E-07,1.12E-07,1.42E-06,,,,,,1.72E-01,,5.80E-07,2.45E-07,8.92E-01,3.77E-01,0,4.58E-01,0.299,0.183,0.228,1.06E-07,2.60E-11,1,0,0,0,0
37,hex_BW_37.png,planar_crystal,3,60,86,0,1.911479555,0.001,4.00E-05,6.50E-07,6.26E-08,1.42E-06,,,,,,9.63E-02,,5.80E-07,2.45E-07,8.92E-01,3.77E-01,0,4.58E-01,0.299,0.183,0.228,1.06E-07,2.60E-11,1,0,0,0,0
38,hex_BW_38.png,planar_crystal,3,72,2,0,1.865182551,0.001,4.00E-05,6.50E-07,2.34E-07,1.42E-06,,,,,,3.60E-01,,6.28E-07,1.51E-07,9.66E-01,2.32E-01,0,4.58E-01,0.299,0.169,0.19,1.06E-07,2.60E-11,1,0,0,0,0
39,hex_BW_39.png,planar_crystal,3,72,20,0,1.878306764,0.001,4.00E-05,6.50E-07,2.26E-07,1.42E-06,,,,,,3.48E-01,,6.28E-07,1.51E-07,9.66E-01,2.32E-01,0,4.58E-01,0.299,0.169,0.19,1.06E-07,2.60E-11,1,0,0,0,0
40,hex_BW_40.png,planar_crystal,3,72,40,0,1.878306764,0.001,4.00E-05,6.50E-07,1.92E-07,1.42E-06,,,,,,2.95E-01,,6.28E-07,1.51E-07,9.66E-01,2.32E-01,0,4.58E-01,0.299,0.169,0.19,1.06E-07,2.60E-11,1,0,0,0,0
41,hex_BW_41.png,planar_crystal,3,72,51,0,1.889900275,0.001,4.00E-05,6.50E-07,1.63E-07,1.42E-06,,,,,,2.51E-01,,6.28E-07,1.51E-07,9.66E-01,2.32E-01,0,4.58E-01,0.299,0.169,0.19,1.06E-07,2.60E-11,1,0,0,0,0
42,hex_BW_42.png,planar_crystal,3,72,67,0,1.898218862,0.001,4.00E-05,6.50E-07,1.15E-07,1.42E-06,,,,,,1.77E-01,,6.28E-07,1.51E-07,9.66E-01,2.32E-01,0,4.58E-01,0.299,0.169,0.19,1.06E-07,2.60E-11,1,0,0,0,0
43,hex_BW_43.png,planar_crystal,3,72,79,0,1.907285973,0.001,4.00E-05,6.50E-07,7.76E-08,1.42E-06,,,,,,1.19E-01,,6.28E-07,1.51E-07,9.66E-01,2.32E-01,0,4.58E-01,0.299,0.169,0.19,1.06E-07,2.60E-11,1,0,0,0,0
44,hex_BW_44.png,planar_crystal,3,72,88,0,1.913629306,0.001,4.00E-05,6.50E-07,4.70E-08,1.42E-06,,,,,,7.23E-02,,6.28E-07,1.51E-07,9.66E-01,2.32E-01,0,4.58E-01,0.299,0.169,0.19,1.06E-07,2.60E-11,1,0,0,0,0
45,hex_BW_45.png,planar_crystal,3,83,4,0,1.892760594,0.001,4.00E-05,6.50E-07,1.15E-07,1.42E-06,,,,,,1.77E-01,,6.49E-07,8.25E-08,9.98E-01,1.27E-01,0,4.58E-01,0.299,0.163,0.169,1.06E-07,2.60E-11,1,0,0,0,0
46,hex_BW_46.png,planar_crystal,3,83,19,0,1.902272887,0.001,4.00E-05,6.50E-07,1.14E-07,1.42E-06,,,,,,1.75E-01,,6.49E-07,8.25E-08,9.98E-01,1.27E-01,0,4.58E-01,0.299,0.163,0.169,1.06E-07,2.60E-11,1,0,0,0,0
47,hex_BW_47.png,planar_crystal,3,83,47,0,1.905398243,0.001,4.00E-05,6.50E-07,9.21E-08,1.42E-06,,,,,,1.42E-01,,6.49E-07,8.25E-08,9.98E-01,1.27E-01,0,4.58E-01,0.299,0.163,0.169,1.06E-07,2.60E-11,1,0,0,0,0
48,hex_BW_48.png,planar_crystal,3,83,62,0,1.908088669,0.001,4.00E-05,6.50E-07,7.25E-08,1.42E-06,,,,,,1.12E-01,,6.49E-07,8.25E-08,9.98E-01,1.27E-01,0,4.58E-01,0.299,0.163,0.169,1.06E-07,2.60E-11,1,0,0,0,0
49,hex_BW_49.png,planar_crystal,3,83,75,0,1.912157856,0.001,4.00E-05,6.50E-07,5.91E-08,1.42E-06,,,,,,9.09E-02,,6.49E-07,8.25E-08,9.98E-01,1.27E-01,0,4.58E-01,0.299,0.163,0.169,1.06E-07,2.60E-11,1,0,0,0,0
50,hex_BW_50.png,planar_crystal,3,83,88,0,1.912969118,0.001,4.00E-05,6.50E-07,4.27E-08,1.42E-06,,,,,,6.57E-02,,6.49E-07,8.25E-08,9.98E-01,1.27E-01,0,4.58E-01,0.299,0.163,0.169,1.06E-07,2.60E-11,1,0,0,0,0
51,dend_BW_51.png,planar_crystal,3,45,0,0,1.86949154,0.001,4.00E-05,6.50E-07,4.84E-07,1.42E-06,,,,,,7.45E-01,,4.84E-07,3.15E-07,7.45E-01,4.85E-01,0.6594,4.58E-01,0.299,0.219,0.269,1.06E-07,2.60E-11,1,0,0,0,0
52,dend_BW_52.png,planar_crystal,3,45,15,0,1.869996403,0.001,4.00E-05,6.50E-07,4.72E-07,1.42E-06,,,,,,7.26E-01,,4.84E-07,3.15E-07,7.45E-01,4.85E-01,0.6594,4.58E-01,0.299,0.219,0.269,1.06E-07,2.60E-11,1,0,0,0,0
53,dend_BW_53.png,planar_crystal,3,45,30,0,1.871628765,0.001,4.00E-05,6.50E-07,4.29E-07,1.42E-06,,,,,,6.60E-01,,4.84E-07,3.15E-07,7.45E-01,4.85E-01,0.6594,4.58E-01,0.299,0.219,0.269,1.06E-07,2.60E-11,1,0,0,0,0
54,dend_BW_54.png,planar_crystal,3,45,45,0,1.879926868,0.001,4.00E-05,6.50E-07,3.56E-07,1.42E-06,,,,,,5.48E-01,,4.84E-07,3.15E-07,7.45E-01,4.85E-01,0.6594,4.58E-01,0.299,0.219,0.269,1.06E-07,2.60E-11,1,0,0,0,0
55,dend_BW_55.png,planar_crystal,3,45,60,0,1.869207041,0.001,4.00E-05,6.50E-07,2.64E-07,1.42E-06,,,,,,4.06E-01,,4.84E-07,3.15E-07,7.45E-01,4.85E-01,0.6594,4.58E-01,0.299,0.219,0.269,1.06E-07,2.60E-11,1,0,0,0,0
56,dend_BW_56.png,planar_crystal,3,45,75,0,1.869439781,0.001,4.00E-05,6.50E-07,1.58E-07,1.42E-06,,,,,,2.43E-01,,4.84E-07,3.15E-07,7.45E-01,4.85E-01,0.6594,4.58E-01,0.299,0.219,0.269,1.06E-07,2.60E-11,1,0,0,0,0
57,dend_BW_57.png,planar_crystal,3,45,90,0,1.908922632,0.001,4.00E-05,6.50E-07,4.00E-08,1.42E-06,,,,,,6.15E-02,,4.84E-07,3.15E-07,7.45E-01,4.85E-01,0.6594,4.58E-01,0.299,0.219,0.269,1.06E-07,2.60E-11,1,0,0,0,0
58,dend_BW_58.png,planar_crystal,3,30,0,0,1.863468524,0.001,4.00E-05,6.50E-07,5.80E-07,1.42E-06,,,,,,8.92E-01,,3.55E-07,3.74E-07,5.46E-01,5.75E-01,0.6594,4.58E-01,0.299,0.299,0.317,1.06E-07,2.60E-11,1,0,0,0,0
59,dend_BW_59.png,planar_crystal,3,30,15,0,1.866554447,0.001,4.00E-05,6.50E-07,5.65E-07,1.42E-06,,,,,,8.69E-01,,3.55E-07,3.74E-07,5.46E-01,5.75E-01,0.6594,4.58E-01,0.299,0.299,0.317,1.06E-07,2.60E-11,1,0,0,0,0
60,dend_BW_60.png,planar_crystal,3,30,30,0,1.865150765,0.001,4.00E-05,6.50E-07,5.12E-07,1.42E-06,,,,,,7.88E-01,,3.55E-07,3.74E-07,5.46E-01,5.75E-01,0.6594,4.58E-01,0.299,0.299,0.317,1.06E-07,2.60E-11,1,0,0,0,0
61,dend_BW_61.png,planar_crystal,3,30,45,0,1.872830213,0.001,4.00E-05,6.50E-07,4.24E-07,1.42E-06,,,,,,6.52E-01,,3.55E-07,3.74E-07,5.46E-01,5.75E-01,0.6594,4.58E-01,0.299,0.299,0.317,1.06E-07,2.60E-11,1,0,0,0,0
62,dend_BW_62.png,planar_crystal,3,30,60,0,1.868391412,0.001,4.00E-05,6.50E-07,3.16E-07,1.42E-06,,,,,,4.86E-01,,3.55E-07,3.74E-07,5.46E-01,5.75E-01,0.6594,4.58E-01,0.299,0.299,0.317,1.06E-07,2.60E-11,1,0,0,0,0
63,dend_BW_63.png,planar_crystal,3,30,75,0,1.884532287,0.001,4.00E-05,6.50E-07,1.84E-07,1.42E-06,,,,,,2.83E-01,,3.55E-07,3.74E-07,5.46E-01,5.75E-01,0.6594,4.58E-01,0.299,0.299,0.317,1.06E-07,2.60E-11,1,0,0,0,0
64,dend_BW_64.png,planar_crystal,3,30,90,0,1.912544954,0.001,4.00E-05,6.50E-07,4.00E-08,1.42E-06,,,,,,6.15E-02,,3.55E-07,3.74E-07,5.46E-01,5.75E-01,0.6594,4.58E-01,0.299,0.299,0.317,1.06E-07,2.60E-11,1,0,0,0,0
65,dend_BW_65.png,planar_crystal,3,15,0,0,1.879737207,0.001,4.00E-05,6.50E-07,6.36E-07,1.42E-06,,,,,,9.78E-01,,2.02E-07,4.11E-07,3.11E-01,6.32E-01,0.6594,4.58E-01,0.299,0.526,0.356,1.06E-07,2.60E-11,1,0,0,0,0
66,dend_BW_66.png,planar_crystal,3,15,15,0,1.87688546,0.001,4.00E-05,6.50E-07,6.20E-07,1.42E-06,,,,,,9.54E-01,,2.02E-07,4.11E-07,3.11E-01,6.32E-01,0.6594,4.58E-01,0.299,0.526,0.356,1.06E-07,2.60E-11,1,0,0,0,0
67,dend_BW_67.png,planar_crystal,3,15,30,0,1.878713755,0.001,4.00E-05,6.50E-07,5.62E-07,1.42E-06,,,,,,8.65E-01,,2.02E-07,4.11E-07,3.11E-01,6.32E-01,0.6594,4.58E-01,0.299,0.526,0.356,1.06E-07,2.60E-11,1,0,0,0,0
68,dend_BW_68.png,planar_crystal,3,15,45,0,1.878294948,0.001,4.00E-05,6.50E-07,4.72E-07,1.42E-06,,,,,,7.26E-01,,2.02E-07,4.11E-07,3.11E-01,6.32E-01,0.6594,4.58E-01,0.299,0.526,0.356,1.06E-07,2.60E-11,1,0,0,0,0
69,dend_BW_69.png,planar_crystal,3,15,60,0,1.88486281,0.001,4.00E-05,6.50E-07,3.48E-07,1.42E-06,,,,,,5.35E-01,,2.02E-07,4.11E-07,3.11E-01,6.32E-01,0.6594,4.58E-01,0.299,0.526,0.356,1.06E-07,2.60E-11,1,0,0,0,0
70,dend_BW_70.png,planar_crystal,3,15,75,0,1.890017662,0.001,4.00E-05,6.50E-07,2.01E-07,1.42E-06,,,,,,3.09E-01,,2.02E-07,4.11E-07,3.11E-01,6.32E-01,0.6594,4.58E-01,0.299,0.526,0.356,1.06E-07,2.60E-11,1,0,0,0,0
71,dend_BW_71.png,planar_crystal,3,15,90,0,1.913430378,0.001,4.00E-05,6.50E-07,4.00E-08,1.42E-06,,,,,,6.15E-02,,2.02E-07,4.11E-07,3.11E-01,6.32E-01,0.6594,4.58E-01,0.299,0.526,0.356,1.06E-07,2.60E-11,1,0,0,0,0
72,dend_BW_72.png,planar_crystal,3,0,0,0,1.893353522,0.001,4.00E-05,6.50E-07,6.50E-07,1.42E-06,,,,,,1.00E+00,,3.46E-08,4.28E-07,5.32E-02,6.58E-01,0.6594,4.58E-01,0.299,3.06,0.377,1.06E-07,2.60E-11,1,0,0,0,0
73,dend_BW_73.png,planar_crystal,3,0,15,0,1.878658382,0.001,4.00E-05,6.50E-07,6.38E-07,1.42E-06,,,,,,9.82E-01,,3.46E-08,4.28E-07,5.32E-02,6.58E-01,0.6594,4.58E-01,0.299,3.06,0.377,1.06E-07,2.60E-11,1,0,0,0,0
74,dend_BW_74.png,planar_crystal,3,0,30,0,1.873667946,0.001,4.00E-05,6.50E-07,5.83E-07,1.42E-06,,,,,,8.97E-01,,3.46E-08,4.28E-07,5.32E-02,6.58E-01,0.6594,4.58E-01,0.299,3.06,0.377,1.06E-07,2.60E-11,1,0,0,0,0
75,dend_BW_75.png,planar_crystal,3,0,45,0,1.877694251,0.001,4.00E-05,6.50E-07,4.88E-07,1.42E-06,,,,,,7.51E-01,,3.46E-08,4.28E-07,5.32E-02,6.58E-01,0.6594,4.58E-01,0.299,3.06,0.377,1.06E-07,2.60E-11,1,0,0,0,0
76,dend_BW_76.png,planar_crystal,3,0,60,0,1.881510138,0.001,4.00E-05,6.50E-07,3.59E-07,1.42E-06,,,,,,5.52E-01,,3.46E-08,4.28E-07,5.32E-02,6.58E-01,0.6594,4.58E-01,0.299,3.06,0.377,1.06E-07,2.60E-11,1,0,0,0,0
77,dend_BW_77.png,planar_crystal,3,0,75,0,1.884879259,0.001,4.00E-05,6.50E-07,2.07E-07,1.42E-06,,,,,,3.18E-01,,3.46E-08,4.28E-07,5.32E-02,6.58E-01,0.6594,4.58E-01,0.299,3.06,0.377,1.06E-07,2.60E-11,1,0,0,0,0
78,dend_BW_78.png,planar_crystal,3,0,87,0,1.907167425,0.001,4.00E-05,6.50E-07,7.39E-08,1.42E-06,,,,,,1.14E-01,,3.46E-08,4.28E-07,5.32E-02,6.58E-01,0.6594,4.58E-01,0.299,3.06,0.377,1.06E-07,2.60E-11,1,0,0,0,0
79,dend_BW_79.png,planar_crystal,3,60,0,0,1.870975422,0.001,4.00E-05,6.50E-07,3.55E-07,1.42E-06,,,,,,5.46E-01,,5.80E-07,2.45E-07,8.92E-01,3.77E-01,0.6594,4.58E-01,0.299,0.183,0.228,1.06E-07,2.60E-11,1,0,0,0,0
80,dend_BW_80.png,planar_crystal,3,60,11,0,1.870729627,0.001,4.00E-05,6.50E-07,3.52E-07,1.42E-06,,,,,,5.42E-01,,5.80E-07,2.45E-07,8.92E-01,3.77E-01,0.6594,4.58E-01,0.299,0.183,0.228,1.06E-07,2.60E-11,1,0,0,0,0
81,dend_BW_81.png,planar_crystal,3,60,23,0,1.877326084,0.001,4.00E-05,6.50E-07,3.34E-07,1.42E-06,,,,,,5.14E-01,,5.80E-07,2.45E-07,8.92E-01,3.77E-01,0.6594,4.58E-01,0.299,0.183,0.228,1.06E-07,2.60E-11,1,0,0,0,0
82,dend_BW_82.png,planar_crystal,3,60,36,0,1.882886972,0.001,4.00E-05,6.50E-07,2.99E-07,1.42E-06,,,,,,4.60E-01,,5.80E-07,2.45E-07,8.92E-01,3.77E-01,0.6594,4.58E-01,0.299,0.183,0.228,1.06E-07,2.60E-11,1,0,0,0,0
83,dend_BW_83.png,planar_crystal,3,60,42,0,1.877247783,0.001,4.00E-05,6.50E-07,2.77E-07,1.42E-06,,,,,,4.26E-01,,5.80E-07,2.45E-07,8.92E-01,3.77E-01,0.6594,4.58E-01,0.299,0.183,0.228,1.06E-07,2.60E-11,1,0,0,0,0
84,dend_BW_84.png,planar_crystal,3,60,51,0,1.873772472,0.001,4.00E-05,6.50E-07,2.39E-07,1.42E-06,,,,,,3.68E-01,,5.80E-07,2.45E-07,8.92E-01,3.77E-01,0.6594,4.58E-01,0.299,0.183,0.228,1.06E-07,2.60E-11,1,0,0,0,0
85,dend_BW_85.png,planar_crystal,3,60,65,0,1.87527023,0.001,4.00E-05,6.50E-07,1.74E-07,1.42E-06,,,,,,2.68E-01,,5.80E-07,2.45E-07,8.92E-01,3.77E-01,0.6594,4.58E-01,0.299,0.183,0.228,1.06E-07,2.60E-11,1,0,0,0,0
86,dend_BW_86.png,planar_crystal,3,60,77,0,1.897177589,0.001,4.00E-05,6.50E-07,1.12E-07,1.42E-06,,,,,,1.72E-01,,5.80E-07,2.45E-07,8.92E-01,3.77E-01,0.6594,4.58E-01,0.299,0.183,0.228,1.06E-07,2.60E-11,1,0,0,0,0
87,dend_BW_87.png,planar_crystal,3,60,86,0,1.910302841,0.001,4.00E-05,6.50E-07,6.26E-08,1.42E-06,,,,,,9.63E-02,,5.80E-07,2.45E-07,8.92E-01,3.77E-01,0.6594,4.58E-01,0.299,0.183,0.228,1.06E-07,2.60E-11,1,0,0,0,0
88,dend_BW_88.png,planar_crystal,3,72,2,0,1.884709643,0.001,4.00E-05,6.50E-07,2.34E-07,1.42E-06,,,,,,3.60E-01,,6.28E-07,1.51E-07,9.66E-01,2.32E-01,0.6594,4.58E-01,0.299,0.169,0.19,1.06E-07,2.60E-11,1,0,0,0,0
89,dend_BW_89.png,planar_crystal,3,72,20,0,1.875555743,0.001,4.00E-05,6.50E-07,2.26E-07,1.42E-06,,,,,,3.48E-01,,6.28E-07,1.51E-07,9.66E-01,2.32E-01,0.6594,4.58E-01,0.299,0.169,0.19,1.06E-07,2.60E-11,1,0,0,0,0
90,dend_BW_90.png,planar_crystal,3,72,40,0,1.892614435,0.001,4.00E-05,6.50E-07,1.92E-07,1.42E-06,,,,,,2.95E-01,,6.28E-07,1.51E-07,9.66E-01,2.32E-01,0.6594,4.58E-01,0.299,0.169,0.19,1.06E-07,2.60E-11,1,0,0,0,0
91,dend_BW_91.png,planar_crystal,3,72,51,0,1.893489668,0.001,4.00E-05,6.50E-07,1.63E-07,1.42E-06,,,,,,2.51E-01,,6.28E-07,1.51E-07,9.66E-01,2.32E-01,0.6594,4.58E-01,0.299,0.169,0.19,1.06E-07,2.60E-11,1,0,0,0,0
92,dend_BW_92.png,planar_crystal,3,72,67,0,1.8968931,0.001,4.00E-05,6.50E-07,1.15E-07,1.42E-06,,,,,,1.77E-01,,6.28E-07,1.51E-07,9.66E-01,2.32E-01,0.6594,4.58E-01,0.299,0.169,0.19,1.06E-07,2.60E-11,1,0,0,0,0
93,dend_BW_93.png,planar_crystal,3,72,79,0,1.906257892,0.001,4.00E-05,6.50E-07,7.76E-08,1.42E-06,,,,,,1.19E-01,,6.28E-07,1.51E-07,9.66E-01,2.32E-01,0.6594,4.58E-01,0.299,0.169,0.19,1.06E-07,2.60E-11,1,0,0,0,0
94,dend_BW_94.png,planar_crystal,3,72,88,0,1.910228041,0.001,4.00E-05,6.50E-07,4.70E-08,1.42E-06,,,,,,7.23E-02,,6.28E-07,1.51E-07,9.66E-01,2.32E-01,0.6594,4.58E-01,0.299,0.169,0.19,1.06E-07,2.60E-11,1,0,0,0,0
95,dend_BW_95.png,planar_crystal,3,83,4,0,1.890613145,0.001,4.00E-05,6.50E-07,1.15E-07,1.42E-06,,,,,,1.77E-01,,6.49E-07,8.25E-08,9.98E-01,1.27E-01,0.6594,4.58E-01,0.299,0.163,0.169,1.06E-07,2.60E-11,1,0,0,0,0
96,dend_BW_96.png,planar_crystal,3,83,19,0,1.896141575,0.001,4.00E-05,6.50E-07,1.14E-07,1.42E-06,,,,,,1.75E-01,,6.49E-07,8.25E-08,9.98E-01,1.27E-01,0.6594,4.58E-01,0.299,0.163,0.169,1.06E-07,2.60E-11,1,0,0,0,0
97,dend_BW_97.png,planar_crystal,3,83,47,0,1.900288641,0.001,4.00E-05,6.50E-07,9.21E-08,1.42E-06,,,,,,1.42E-01,,6.49E-07,8.25E-08,9.98E-01,1.27E-01,0.6594,4.58E-01,0.299,0.163,0.169,1.06E-07,2.60E-11,1,0,0,0,0
98,dend_BW_98.png,planar_crystal,3,83,62,0,1.901355592,0.001,4.00E-05,6.50E-07,7.25E-08,1.42E-06,,,,,,1.12E-01,,6.49E-07,8.25E-08,9.98E-01,1.27E-01,0.6594,4.58E-01,0.299,0.163,0.169,1.06E-07,2.60E-11,1,0,0,0,0
99,dend_BW_99.png,planar_crystal,3,83,75,0,1.907396193,0.001,4.00E-05,6.50E-07,5.91E-08,1.42E-06,,,,,,9.09E-02,,6.49E-07,8.25E-08,9.98E-01,1.27E-01,0.6594,4.58E-01,0.299,0.163,0.169,1.06E-07,2.60E-11,1,0,0,0,0
100,bb_BW_100.png,planar_crystal,3,45,0,0,1.779371403,0.001,4.00E-05,6.50E-07,4.84E-07,1.42E-06,,,,,,7.45E-01,,4.84E-07,3.15E-07,7.45E-01,4.85E-01,0.16,4.58E-01,0.299,0.219,0.269,1.06E-07,2.60E-11,1,0,0,0,0
101,bb_BW_101.png,planar_crystal,3,45,15,0,1.790812028,0.001,4.00E-05,6.50E-07,4.72E-07,1.42E-06,,,,,,7.26E-01,,4.84E-07,3.15E-07,7.45E-01,4.85E-01,0.16,4.58E-01,0.299,0.219,0.269,1.06E-07,2.60E-11,1,0,0,0,0
102,bb_BW_102.png,planar_crystal,3,45,30,0,1.800927511,0.001,4.00E-05,6.50E-07,4.29E-07,1.42E-06,,,,,,6.60E-01,,4.84E-07,3.15E-07,7.45E-01,4.85E-01,0.16,4.58E-01,0.299,0.219,0.269,1.06E-07,2.60E-11,1,0,0,0,0
103,bb_BW_103.png,planar_crystal,3,45,45,0,1.831430159,0.001,4.00E-05,6.50E-07,3.56E-07,1.42E-06,,,,,,5.48E-01,,4.84E-07,3.15E-07,7.45E-01,4.85E-01,0.16,4.58E-01,0.299,0.219,0.269,1.06E-07,2.60E-11,1,0,0,0,0
104,bb_BW_104.png,planar_crystal,3,45,60,0,1.858814862,0.001,4.00E-05,6.50E-07,2.64E-07,1.42E-06,,,,,,4.06E-01,,4.84E-07,3.15E-07,7.45E-01,4.85E-01,0.16,4.58E-01,0.299,0.219,0.269,1.06E-07,2.60E-11,1,0,0,0,0
105,bb_BW_105.png,planar_crystal,3,45,75,0,1.865534141,0.001,4.00E-05,6.50E-07,1.58E-07,1.42E-06,,,,,,2.43E-01,,4.84E-07,3.15E-07,7.45E-01,4.85E-01,0.16,4.58E-01,0.299,0.219,0.269,1.06E-07,2.60E-11,1,0,0,0,0
106,bb_BW_106.png,planar_crystal,3,45,90,0,1.908528432,0.001,4.00E-05,6.50E-07,4.00E-08,1.42E-06,,,,,,6.15E-02,,4.84E-07,3.15E-07,7.45E-01,4.85E-01,0.16,4.58E-01,0.299,0.219,0.269,1.06E-07,2.60E-11,1,0,0,0,0
107,bb_BW_107.png,planar_crystal,3,30,0,0,1.738332972,0.001,4.00E-05,6.50E-07,5.80E-07,1.42E-06,,,,,,8.92E-01,,3.55E-07,3.74E-07,5.46E-01,5.75E-01,0.16,4.58E-01,0.299,0.299,0.317,1.06E-07,2.60E-11,1,0,0,0,0
108,bb_BW_108.png,planar_crystal,3,30,15,0,1.737708844,0.001,4.00E-05,6.50E-07,5.65E-07,1.42E-06,,,,,,8.69E-01,,3.55E-07,3.74E-07,5.46E-01,5.75E-01,0.16,4.58E-01,0.299,0.299,0.317,1.06E-07,2.60E-11,1,0,0,0,0
109,bb_BW_109.png,planar_crystal,3,30,30,0,1.762287776,0.001,4.00E-05,6.50E-07,5.12E-07,1.42E-06,,,,,,7.88E-01,,3.55E-07,3.74E-07,5.46E-01,5.75E-01,0.16,4.58E-01,0.299,0.299,0.317,1.06E-07,2.60E-11,1,0,0,0,0
110,bb_BW_110.png,planar_crystal,3,30,45,0,1.774530543,0.001,4.00E-05,6.50E-07,4.24E-07,1.42E-06,,,,,,6.52E-01,,3.55E-07,3.74E-07,5.46E-01,5.75E-01,0.16,4.58E-01,0.299,0.299,0.317,1.06E-07,2.60E-11,1,0,0,0,0
111,bb_BW_111.png,planar_crystal,3,30,60,0,1.80811041,0.001,4.00E-05,6.50E-07,3.16E-07,1.42E-06,,,,,,4.86E-01,,3.55E-07,3.74E-07,5.46E-01,5.75E-01,0.16,4.58E-01,0.299,0.299,0.317,1.06E-07,2.60E-11,1,0,0,0,0
112,bb_BW_112.png,planar_crystal,3,30,75,0,1.856086873,0.001,4.00E-05,6.50E-07,1.84E-07,1.42E-06,,,,,,2.83E-01,,3.55E-07,3.74E-07,5.46E-01,5.75E-01,0.16,4.58E-01,0.299,0.299,0.317,1.06E-07,2.60E-11,1,0,0,0,0
113,bb_BW_113.png,planar_crystal,3,30,90,0,1.910295347,0.001,4.00E-05,6.50E-07,4.00E-08,1.42E-06,,,,,,6.15E-02,,3.55E-07,3.74E-07,5.46E-01,5.75E-01,0.16,4.58E-01,0.299,0.299,0.317,1.06E-07,2.60E-11,1,0,0,0,0
114,bb_BW_114.png,planar_crystal,3,15,0,0,1.722249974,0.001,4.00E-05,6.50E-07,6.36E-07,1.42E-06,,,,,,9.78E-01,,2.02E-07,4.11E-07,3.11E-01,6.32E-01,0.16,4.58E-01,0.299,0.526,0.356,1.06E-07,2.60E-11,1,0,0,0,0
115,bb_BW_115.png,planar_crystal,3,15,15,0,1.734428101,0.001,4.00E-05,6.50E-07,6.20E-07,1.42E-06,,,,,,9.54E-01,,2.02E-07,4.11E-07,3.11E-01,6.32E-01,0.16,4.58E-01,0.299,0.526,0.356,1.06E-07,2.60E-11,1,0,0,0,0
116,bb_BW_116.png,planar_crystal,3,15,30,0,1.766028868,0.001,4.00E-05,6.50E-07,5.62E-07,1.42E-06,,,,,,8.65E-01,,2.02E-07,4.11E-07,3.11E-01,6.32E-01,0.16,4.58E-01,0.299,0.526,0.356,1.06E-07,2.60E-11,1,0,0,0,0
117,bb_BW_117.png,planar_crystal,3,15,45,0,1.777207501,0.001,4.00E-05,6.50E-07,4.72E-07,1.42E-06,,,,,,7.26E-01,,2.02E-07,4.11E-07,3.11E-01,6.32E-01,0.16,4.58E-01,0.299,0.526,0.356,1.06E-07,2.60E-11,1,0,0,0,0
118,bb_BW_118.png,planar_crystal,3,15,60,0,1.81367938,0.001,4.00E-05,6.50E-07,3.48E-07,1.42E-06,,,,,,5.35E-01,,2.02E-07,4.11E-07,3.11E-01,6.32E-01,0.16,4.58E-01,0.299,0.526,0.356,1.06E-07,2.60E-11,1,0,0,0,0
119,bb_BW_119.png,planar_crystal,3,15,75,0,1.864946463,0.001,4.00E-05,6.50E-07,2.01E-07,1.42E-06,,,,,,3.09E-01,,2.02E-07,4.11E-07,3.11E-01,6.32E-01,0.16,4.58E-01,0.299,0.526,0.356,1.06E-07,2.60E-11,1,0,0,0,0
120,bb_BW_120.png,planar_crystal,3,15,90,0,1.911048135,0.001,4.00E-05,6.50E-07,4.00E-08,1.42E-06,,,,,,6.15E-02,,2.02E-07,4.11E-07,3.11E-01,6.32E-01,0.16,4.58E-01,0.299,0.526,0.356,1.06E-07,2.60E-11,1,0,0,0,0
121,bb_BW_121.png,planar_crystal,3,0,0,0,1.720361258,0.001,4.00E-05,6.50E-07,6.50E-07,1.42E-06,,,,,,1.00E+00,,3.46E-08,4.28E-07,5.32E-02,6.58E-01,0.16,4.58E-01,0.299,3.06,0.377,1.06E-07,2.60E-11,1,0,0,0,0
122,bb_BW_122.png,planar_crystal,3,0,15,0,1.725945009,0.001,4.00E-05,6.50E-07,6.38E-07,1.42E-06,,,,,,9.82E-01,,3.46E-08,4.28E-07,5.32E-02,6.58E-01,0.16,4.58E-01,0.299,3.06,0.377,1.06E-07,2.60E-11,1,0,0,0,0
123,bb_BW_123.png,planar_crystal,3,0,30,0,1.750871675,0.001,4.00E-05,6.50E-07,5.83E-07,1.42E-06,,,,,,8.97E-01,,3.46E-08,4.28E-07,5.32E-02,6.58E-01,0.16,4.58E-01,0.299,3.06,0.377,1.06E-07,2.60E-11,1,0,0,0,0
124,bb_BW_124.png,planar_crystal,3,0,45,0,1.774497134,0.001,4.00E-05,6.50E-07,4.88E-07,1.42E-06,,,,,,7.51E-01,,3.46E-08,4.28E-07,5.32E-02,6.58E-01,0.16,4.58E-01,0.299,3.06,0.377,1.06E-07,2.60E-11,1,0,0,0,0
125,bb_BW_125.png,planar_crystal,3,0,60,0,1.813153748,0.001,4.00E-05,6.50E-07,3.59E-07,1.42E-06,,,,,,5.52E-01,,3.46E-08,4.28E-07,5.32E-02,6.58E-01,0.16,4.58E-01,0.299,3.06,0.377,1.06E-07,2.60E-11,1,0,0,0,0
126,bb_BW_126.png,planar_crystal,3,0,75,0,1.863592998,0.001,4.00E-05,6.50E-07,2.07E-07,1.42E-06,,,,,,3.18E-01,,3.46E-08,4.28E-07,5.32E-02,6.58E-01,0.16,4.58E-01,0.299,3.06,0.377,1.06E-07,2.60E-11,1,0,0,0,0
127,bb_BW_127.png,planar_crystal,3,60,0,0,1.778003581,0.001,4.00E-05,6.50E-07,3.55E-07,1.42E-06,,,,,,5.46E-01,,5.80E-07,2.45E-07,8.92E-01,3.77E-01,0.16,4.58E-01,0.299,0.183,0.228,1.06E-07,2.60E-11,1,0,0,0,0
128,bb_BW_128.png,planar_crystal,3,60,11,0,1.794340755,0.001,4.00E-05,6.50E-07,3.52E-07,1.42E-06,,,,,,5.42E-01,,5.80E-07,2.45E-07,8.92E-01,3.77E-01,0.16,4.58E-01,0.299,0.183,0.228,1.06E-07,2.60E-11,1,0,0,0,0
129,bb_BW_129.png,planar_crystal,3,60,23,0,1.814850654,0.001,4.00E-05,6.50E-07,3.34E-07,1.42E-06,,,,,,5.14E-01,,5.80E-07,2.45E-07,8.92E-01,3.77E-01,0.16,4.58E-01,0.299,0.183,0.228,1.06E-07,2.60E-11,1,0,0,0,0
130,bb_BW_130.png,planar_crystal,3,60,36,0,1.824722206,0.001,4.00E-05,6.50E-07,2.99E-07,1.42E-06,,,,,,4.60E-01,,5.80E-07,2.45E-07,8.92E-01,3.77E-01,0.16,4.58E-01,0.299,0.183,0.228,1.06E-07,2.60E-11,1,0,0,0,0
131,bb_BW_131.png,planar_crystal,3,60,42,0,1.829848469,0.001,4.00E-05,6.50E-07,2.77E-07,1.42E-06,,,,,,4.26E-01,,5.80E-07,2.45E-07,8.92E-01,3.77E-01,0.16,4.58E-01,0.299,0.183,0.228,1.06E-07,2.60E-11,1,0,0,0,0
132,bb_BW_132.png,planar_crystal,3,60,51,0,1.833850331,0.001,4.00E-05,6.50E-07,2.39E-07,1.42E-06,,,,,,3.68E-01,,5.80E-07,2.45E-07,8.92E-01,3.77E-01,0.16,4.58E-01,0.299,0.183,0.228,1.06E-07,2.60E-11,1,0,0,0,0
133,bb_BW_133.png,planar_crystal,3,60,65,0,1.841378389,0.001,4.00E-05,6.50E-07,1.74E-07,1.42E-06,,,,,,2.68E-01,,5.80E-07,2.45E-07,8.92E-01,3.77E-01,0.16,4.58E-01,0.299,0.183,0.228,1.06E-07,2.60E-11,1,0,0,0,0
134,bb_BW_134.png,planar_crystal,3,60,77,0,1.883179363,0.001,4.00E-05,6.50E-07,1.12E-07,1.42E-06,,,,,,1.72E-01,,5.80E-07,2.45E-07,8.92E-01,3.77E-01,0.16,4.58E-01,0.299,0.183,0.228,1.06E-07,2.60E-11,1,0,0,0,0
135,bb_BW_135.png,planar_crystal,3,72,2,0,1.829291661,0.001,4.00E-05,6.50E-07,2.34E-07,1.42E-06,,,,,,3.60E-01,,6.28E-07,1.51E-07,9.66E-01,2.32E-01,0.16,4.58E-01,0.299,0.169,0.19,1.06E-07,2.60E-11,1,0,0,0,0
136,bb_BW_136.png,planar_crystal,3,72,20,0,1.850729653,0.001,4.00E-05,6.50E-07,2.26E-07,1.42E-06,,,,,,3.48E-01,,6.28E-07,1.51E-07,9.66E-01,2.32E-01,0.16,4.58E-01,0.299,0.169,0.19,1.06E-07,2.60E-11,1,0,0,0,0
137,bb_BW_137.png,planar_crystal,3,72,40,0,1.86248664,0.001,4.00E-05,6.50E-07,1.92E-07,1.42E-06,,,,,,2.95E-01,,6.28E-07,1.51E-07,9.66E-01,2.32E-01,0.16,4.58E-01,0.299,0.169,0.19,1.06E-07,2.60E-11,1,0,0,0,0
138,bb_BW_138.png,planar_crystal,3,72,51,0,1.865697799,0.001,4.00E-05,6.50E-07,1.63E-07,1.42E-06,,,,,,2.51E-01,,6.28E-07,1.51E-07,9.66E-01,2.32E-01,0.16,4.58E-01,0.299,0.169,0.19,1.06E-07,2.60E-11,1,0,0,0,0
139,bb_BW_139.png,planar_crystal,3,72,67,0,1.882246866,0.001,4.00E-05,6.50E-07,1.15E-07,1.42E-06,,,,,,1.77E-01,,6.28E-07,1.51E-07,9.66E-01,2.32E-01,0.16,4.58E-01,0.299,0.169,0.19,1.06E-07,2.60E-11,1,0,0,0,0
140,bb_BW_140.png,planar_crystal,3,72,79,0,1.900260925,0.001,4.00E-05,6.50E-07,7.76E-08,1.42E-06,,,,,,1.19E-01,,6.28E-07,1.51E-07,9.66E-01,2.32E-01,0.16,4.58E-01,0.299,0.169,0.19,1.06E-07,2.60E-11,1,0,0,0,0
141,bb_BW_141.png,planar_crystal,3,83,4,0,1.883103048,0.001,4.00E-05,6.50E-07,1.15E-07,1.42E-06,,,,,,1.77E-01,,6.49E-07,8.25E-08,9.98E-01,1.27E-01,0.16,4.58E-01,0.299,0.163,0.169,1.06E-07,2.60E-11,1,0,0,0,0
142,bb_BW_142.png,planar_crystal,3,83,19,0,1.889976828,0.001,4.00E-05,6.50E-07,1.14E-07,1.42E-06,,,,,,1.75E-01,,6.49E-07,8.25E-08,9.98E-01,1.27E-01,0.16,4.58E-01,0.299,0.163,0.169,1.06E-07,2.60E-11,1,0,0,0,0
143,bb_BW_143.png,planar_crystal,3,83,47,0,1.897348002,0.001,4.00E-05,6.50E-07,9.21E-08,1.42E-06,,,,,,1.42E-01,,6.49E-07,8.25E-08,9.98E-01,1.27E-01,0.16,4.58E-01,0.299,0.163,0.169,1.06E-07,2.60E-11,1,0,0,0,0
144,bb_BW_144.png,planar_crystal,3,83,62,0,1.898640212,0.001,4.00E-05,6.50E-07,7.25E-08,1.42E-06,,,,,,1.12E-01,,6.49E-07,8.25E-08,9.98E-01,1.27E-01,0.16,4.58E-01,0.299,0.163,0.169,1.06E-07,2.60E-11,1,0,0,0,0
145,bb_BW_145.png,planar_crystal,3,83,75,0,1.90596771,0.001,4.00E-05,6.50E-07,5.91E-08,1.42E-06,,,,,,9.09E-02,,6.49E-07,8.25E-08,9.98E-01,1.27E-01,0.16,4.58E-01,0.299,0.163,0.169,1.06E-07,2.60E-11,1,0,0,0,0
146,stel_BW_146.png,planar_crystal,3,45,0,0,1.885112729,0.001,4.00E-05,6.50E-07,4.84E-07,1.42E-06,,,,,,7.45E-01,,4.84E-07,3.15E-07,7.45E-01,4.85E-01,0.81,4.58E-01,0.299,0.219,0.269,1.06E-07,2.60E-11,1,0,0,0,0
147,stel_BW_147.png,planar_crystal,3,45,15,0,1.887922032,0.001,4.00E-05,6.50E-07,4.72E-07,1.42E-06,,,,,,7.26E-01,,4.84E-07,3.15E-07,7.45E-01,4.85E-01,0.81,4.58E-01,0.299,0.219,0.269,1.06E-07,2.60E-11,1,0,0,0,0
148,stel_BW_148.png,planar_crystal,3,45,30,0,1.891387202,0.001,4.00E-05,6.50E-07,4.29E-07,1.42E-06,,,,,,6.60E-01,,4.84E-07,3.15E-07,7.45E-01,4.85E-01,0.81,4.58E-01,0.299,0.219,0.269,1.06E-07,2.60E-11,1,0,0,0,0
149,stel_BW_149.png,planar_crystal,3,45,45,0,1.887888152,0.001,4.00E-05,6.50E-07,3.56E-07,1.42E-06,,,,,,5.48E-01,,4.84E-07,3.15E-07,7.45E-01,4.85E-01,0.81,4.58E-01,0.299,0.219,0.269,1.06E-07,2.60E-11,1,0,0,0,0
150,stel_BW_150.png,planar_crystal,3,45,60,0,1.880973482,0.001,4.00E-05,6.50E-07,2.64E-07,1.42E-06,,,,,,4.06E-01,,4.84E-07,3.15E-07,7.45E-01,4.85E-01,0.81,4.58E-01,0.299,0.219,0.269,1.06E-07,2.60E-11,1,0,0,0,0
151,stel_BW_151.png,planar_crystal,3,45,75,0,1.883414556,0.001,4.00E-05,6.50E-07,1.58E-07,1.42E-06,,,,,,2.43E-01,,4.84E-07,3.15E-07,7.45E-01,4.85E-01,0.81,4.58E-01,0.299,0.219,0.269,1.06E-07,2.60E-11,1,0,0,0,0
152,stel_BW_152.png,planar_crystal,3,45,90,0,1.905703982,0.001,4.00E-05,6.50E-07,4.00E-08,1.42E-06,,,,,,6.15E-02,,4.84E-07,3.15E-07,7.45E-01,4.85E-01,0.81,4.58E-01,0.299,0.219,0.269,1.06E-07,2.60E-11,1,0,0,0,0
153,stel_BW_153.png,planar_crystal,3,30,0,0,1.884604097,0.001,4.00E-05,6.50E-07,5.80E-07,1.42E-06,,,,,,8.92E-01,,3.55E-07,3.74E-07,5.46E-01,5.75E-01,0.81,4.58E-01,0.299,0.299,0.317,1.06E-07,2.60E-11,1,0,0,0,0
154,stel_BW_154.png,planar_crystal,3,30,15,0,1.885861164,0.001,4.00E-05,6.50E-07,5.65E-07,1.42E-06,,,,,,8.69E-01,,3.55E-07,3.74E-07,5.46E-01,5.75E-01,0.81,4.58E-01,0.299,0.299,0.317,1.06E-07,2.60E-11,1,0,0,0,0
155,stel_BW_155.png,planar_crystal,3,30,30,0,1.886201066,0.001,4.00E-05,6.50E-07,5.12E-07,1.42E-06,,,,,,7.88E-01,,3.55E-07,3.74E-07,5.46E-01,5.75E-01,0.81,4.58E-01,0.299,0.299,0.317,1.06E-07,2.60E-11,1,0,0,0,0
156,stel_BW_156.png,planar_crystal,3,30,45,0,1.887733182,0.001,4.00E-05,6.50E-07,4.24E-07,1.42E-06,,,,,,6.52E-01,,3.55E-07,3.74E-07,5.46E-01,5.75E-01,0.81,4.58E-01,0.299,0.299,0.317,1.06E-07,2.60E-11,1,0,0,0,0
157,stel_BW_157.png,planar_crystal,3,30,60,0,1.890230601,0.001,4.00E-05,6.50E-07,3.16E-07,1.42E-06,,,,,,4.86E-01,,3.55E-07,3.74E-07,5.46E-01,5.75E-01,0.81,4.58E-01,0.299,0.299,0.317,1.06E-07,2.60E-11,1,0,0,0,0
158,stel_BW_158.png,planar_crystal,3,30,75,0,1.894408701,0.001,4.00E-05,6.50E-07,1.84E-07,1.42E-06,,,,,,2.83E-01,,3.55E-07,3.74E-07,5.46E-01,5.75E-01,0.81,4.58E-01,0.299,0.299,0.317,1.06E-07,2.60E-11,1,0,0,0,0
159,stel_BW_159.png,planar_crystal,3,30,90,0,1.910287831,0.001,4.00E-05,6.50E-07,4.00E-08,1.42E-06,,,,,,6.15E-02,,3.55E-07,3.74E-07,5.46E-01,5.75E-01,0.81,4.58E-01,0.299,0.299,0.317,1.06E-07,2.60E-11,1,0,0,0,0
160,stel_BW_160.png,planar_crystal,3,15,0,0,1.894651173,0.001,4.00E-05,6.50E-07,6.36E-07,1.42E-06,,,,,,9.78E-01,,2.02E-07,4.11E-07,3.11E-01,6.32E-01,0.81,4.58E-01,0.299,0.526,0.356,1.06E-07,2.60E-11,1,0,0,0,0
161,stel_BW_161.png,planar_crystal,3,15,15,0,1.892936441,0.001,4.00E-05,6.50E-07,6.20E-07,1.42E-06,,,,,,9.54E-01,,2.02E-07,4.11E-07,3.11E-01,6.32E-01,0.81,4.58E-01,0.299,0.526,0.356,1.06E-07,2.60E-11,1,0,0,0,0
162,stel_BW_162.png,planar_crystal,3,15,30,0,1.892398105,0.001,4.00E-05,6.50E-07,5.62E-07,1.42E-06,,,,,,8.65E-01,,2.02E-07,4.11E-07,3.11E-01,6.32E-01,0.81,4.58E-01,0.299,0.526,0.356,1.06E-07,2.60E-11,1,0,0,0,0
163,stel_BW_163.png,planar_crystal,3,15,45,0,1.89279731,0.001,4.00E-05,6.50E-07,4.72E-07,1.42E-06,,,,,,7.26E-01,,2.02E-07,4.11E-07,3.11E-01,6.32E-01,0.81,4.58E-01,0.299,0.526,0.356,1.06E-07,2.60E-11,1,0,0,0,0
164,stel_BW_164.png,planar_crystal,3,15,60,0,1.894453983,0.001,4.00E-05,6.50E-07,3.48E-07,1.42E-06,,,,,,5.35E-01,,2.02E-07,4.11E-07,3.11E-01,6.32E-01,0.81,4.58E-01,0.299,0.526,0.356,1.06E-07,2.60E-11,1,0,0,0,0
165,stel_BW_165.png,planar_crystal,3,15,75,0,1.898413649,0.001,4.00E-05,6.50E-07,2.01E-07,1.42E-06,,,,,,3.09E-01,,2.02E-07,4.11E-07,3.11E-01,6.32E-01,0.81,4.58E-01,0.299,0.526,0.356,1.06E-07,2.60E-11,1,0,0,0,0
166,stel_BW_166.png,planar_crystal,3,15,90,0,1.911436858,0.001,4.00E-05,6.50E-07,4.00E-08,1.42E-06,,,,,,6.15E-02,,2.02E-07,4.11E-07,3.11E-01,6.32E-01,0.81,4.58E-01,0.299,0.526,0.356,1.06E-07,2.60E-11,1,0,0,0,0
167,stel_BW_167.png,planar_crystal,3,0,0,0,1.898797623,0.001,4.00E-05,6.50E-07,6.50E-07,1.42E-06,,,,,,1.00E+00,,3.46E-08,4.28E-07,5.32E-02,6.58E-01,0.81,4.58E-01,0.299,3.06,0.377,1.06E-07,2.60E-11,1,0,0,0,0
168,stel_BW_168.png,planar_crystal,3,0,15,0,1.893789922,0.001,4.00E-05,6.50E-07,6.38E-07,1.42E-06,,,,,,9.82E-01,,3.46E-08,4.28E-07,5.32E-02,6.58E-01,0.81,4.58E-01,0.299,3.06,0.377,1.06E-07,2.60E-11,1,0,0,0,0
169,stel_BW_169.png,planar_crystal,3,0,30,0,1.892061568,0.001,4.00E-05,6.50E-07,5.83E-07,1.42E-06,,,,,,8.97E-01,,3.46E-08,4.28E-07,5.32E-02,6.58E-01,0.81,4.58E-01,0.299,3.06,0.377,1.06E-07,2.60E-11,1,0,0,0,0
170,stel_BW_170.png,planar_crystal,3,0,45,0,1.889957535,0.001,4.00E-05,6.50E-07,4.88E-07,1.42E-06,,,,,,7.51E-01,,3.46E-08,4.28E-07,5.32E-02,6.58E-01,0.81,4.58E-01,0.299,3.06,0.377,1.06E-07,2.60E-11,1,0,0,0,0
171,stel_BW_171.png,planar_crystal,3,0,60,0,1.895816282,0.001,4.00E-05,6.50E-07,3.59E-07,1.42E-06,,,,,,5.52E-01,,3.46E-08,4.28E-07,5.32E-02,6.58E-01,0.81,4.58E-01,0.299,3.06,0.377,1.06E-07,2.60E-11,1,0,0,0,0
172,stel_BW_172.png,planar_crystal,3,0,75,0,1.899719969,0.001,4.00E-05,6.50E-07,2.07E-07,1.42E-06,,,,,,3.18E-01,,3.46E-08,4.28E-07,5.32E-02,6.58E-01,0.81,4.58E-01,0.299,3.06,0.377,1.06E-07,2.60E-11,1,0,0,0,0
173,stel_BW_173.png,planar_crystal,3,60,0,0,1.887066041,0.001,4.00E-05,6.50E-07,3.55E-07,1.42E-06,,,,,,5.46E-01,,5.80E-07,2.45E-07,8.92E-01,3.77E-01,0.81,4.58E-01,0.299,0.183,0.228,1.06E-07,2.60E-11,1,0,0,0,0
174,stel_BW_174.png,planar_crystal,3,60,11,0,1.892110276,0.001,4.00E-05,6.50E-07,3.52E-07,1.42E-06,,,,,,5.42E-01,,5.80E-07,2.45E-07,8.92E-01,3.77E-01,0.81,4.58E-01,0.299,0.183,0.228,1.06E-07,2.60E-11,1,0,0,0,0
175,stel_BW_175.png,planar_crystal,3,60,23,0,1.89385782,0.001,4.00E-05,6.50E-07,3.34E-07,1.42E-06,,,,,,5.14E-01,,5.80E-07,2.45E-07,8.92E-01,3.77E-01,0.81,4.58E-01,0.299,0.183,0.228,1.06E-07,2.60E-11,1,0,0,0,0
176,stel_BW_176.png,planar_crystal,3,60,36,0,1.895271099,0.001,4.00E-05,6.50E-07,2.99E-07,1.42E-06,,,,,,4.60E-01,,5.80E-07,2.45E-07,8.92E-01,3.77E-01,0.81,4.58E-01,0.299,0.183,0.228,1.06E-07,2.60E-11,1,0,0,0,0
177,stel_BW_177.png,planar_crystal,3,60,42,0,1.895348066,0.001,4.00E-05,6.50E-07,2.77E-07,1.42E-06,,,,,,4.26E-01,,5.80E-07,2.45E-07,8.92E-01,3.77E-01,0.81,4.58E-01,0.299,0.183,0.228,1.06E-07,2.60E-11,1,0,0,0,0
178,stel_BW_178.png,planar_crystal,3,60,51,0,1.894462867,0.001,4.00E-05,6.50E-07,2.39E-07,1.42E-06,,,,,,3.68E-01,,5.80E-07,2.45E-07,8.92E-01,3.77E-01,0.81,4.58E-01,0.299,0.183,0.228,1.06E-07,2.60E-11,1,0,0,0,0
179,stel_BW_179.png,planar_crystal,3,60,65,0,1.89148621,0.001,4.00E-05,6.50E-07,1.74E-07,1.42E-06,,,,,,2.68E-01,,5.80E-07,2.45E-07,8.92E-01,3.77E-01,0.81,4.58E-01,0.299,0.183,0.228,1.06E-07,2.60E-11,1,0,0,0,0
180,stel_BW_180.png,planar_crystal,3,60,77,0,1.898003756,0.001,4.00E-05,6.50E-07,1.12E-07,1.42E-06,,,,,,1.72E-01,,5.80E-07,2.45E-07,8.92E-01,3.77E-01,0.81,4.58E-01,0.299,0.183,0.228,1.06E-07,2.60E-11,1,0,0,0,0
181,stel_BW_181.png,planar_crystal,3,72,2,0,1.893415666,0.001,4.00E-05,6.50E-07,2.34E-07,1.42E-06,,,,,,3.60E-01,,6.28E-07,1.51E-07,9.66E-01,2.32E-01,0.81,4.58E-01,0.299,0.169,0.19,1.06E-07,2.60E-11,1,0,0,0,0
182,stel_BW_182.png,planar_crystal,3,72,20,0,1.897090945,0.001,4.00E-05,6.50E-07,2.26E-07,1.42E-06,,,,,,3.48E-01,,6.28E-07,1.51E-07,9.66E-01,2.32E-01,0.81,4.58E-01,0.299,0.169,0.19,1.06E-07,2.60E-11,1,0,0,0,0
183,stel_BW_183.png,planar_crystal,3,72,40,0,1.899502405,0.001,4.00E-05,6.50E-07,1.92E-07,1.42E-06,,,,,,2.95E-01,,6.28E-07,1.51E-07,9.66E-01,2.32E-01,0.81,4.58E-01,0.299,0.169,0.19,1.06E-07,2.60E-11,1,0,0,0,0
184,stel_BW_184.png,planar_crystal,3,72,51,0,1.89935653,0.001,4.00E-05,6.50E-07,1.63E-07,1.42E-06,,,,,,2.51E-01,,6.28E-07,1.51E-07,9.66E-01,2.32E-01,0.81,4.58E-01,0.299,0.169,0.19,1.06E-07,2.60E-11,1,0,0,0,0
185,stel_BW_185.png,planar_crystal,3,72,67,0,1.899705928,0.001,4.00E-05,6.50E-07,1.15E-07,1.42E-06,,,,,,1.77E-01,,6.28E-07,1.51E-07,9.66E-01,2.32E-01,0.81,4.58E-01,0.299,0.169,0.19,1.06E-07,2.60E-11,1,0,0,0,0
186,stel_BW_186.png,planar_crystal,3,72,79,0,1.906012555,0.001,4.00E-05,6.50E-07,7.76E-08,1.42E-06,,,,,,1.19E-01,,6.28E-07,1.51E-07,9.66E-01,2.32E-01,0.81,4.58E-01,0.299,0.169,0.19,1.06E-07,2.60E-11,1,0,0,0,0
187,stel_BW_187.png,planar_crystal,3,83,4,0,1.900229106,0.001,4.00E-05,6.50E-07,1.15E-07,1.42E-06,,,,,,1.77E-01,,6.49E-07,8.25E-08,9.98E-01,1.27E-01,0.81,4.58E-01,0.299,0.163,0.169,1.06E-07,2.60E-11,1,0,0,0,0
188,stel_BW_188.png,planar_crystal,3,83,19,0,1.901953681,0.001,4.00E-05,6.50E-07,1.14E-07,1.42E-06,,,,,,1.75E-01,,6.49E-07,8.25E-08,9.98E-01,1.27E-01,0.81,4.58E-01,0.299,0.163,0.169,1.06E-07,2.60E-11,1,0,0,0,0
189,stel_BW_189.png,planar_crystal,3,83,47,0,1.904309225,0.001,4.00E-05,6.50E-07,9.21E-08,1.42E-06,,,,,,1.42E-01,,6.49E-07,8.25E-08,9.98E-01,1.27E-01,0.81,4.58E-01,0.299,0.163,0.169,1.06E-07,2.60E-11,1,0,0,0,0
190,stel_BW_190.png,planar_crystal,3,83,62,0,1.904359069,0.001,4.00E-05,6.50E-07,7.25E-08,1.42E-06,,,,,,1.12E-01,,6.49E-07,8.25E-08,9.98E-01,1.27E-01,0.81,4.58E-01,0.299,0.163,0.169,1.06E-07,2.60E-11,1,0,0,0,0
191,stel_BW_191.png,planar_crystal,3,83,75,0,1.908326215,0.001,4.00E-05,6.50E-07,5.91E-08,1.42E-06,,,,,,9.09E-02,,6.49E-07,8.25E-08,9.98E-01,1.27E-01,0.81,4.58E-01,0.299,0.163,0.169,1.06E-07,2.60E-11,1,0,0,0,0
192,brok_BW_192.png,planar_crystal,3,0,0,0,1.90270016,0.001,2.20E-05,5.55E-07,5.55E-07,1.17E-06,,,,,,1.00E+00,,1.91E-08,3.72E-07,3.44E-02,6.70E-01,0.763560113,4.74E-01,2.19E-01,3.36E+00,3.01E-01,6.41E-08,1.22E-11,1,0,0,0,0
193,brok_BW_193.png,planar_crystal,3,0,12,0,1.900478431,0.001,2.20E-05,5.55E-07,5.47E-07,1.17E-06,,,,,,9.86E-01,,1.91E-08,3.72E-07,3.44E-02,6.70E-01,0.763560113,4.74E-01,2.19E-01,3.35E+00,3.00E-01,6.41E-08,1.22E-11,1,0,0,0,0
194,brok_BW_194.png,planar_crystal,3,0,28,0,1.898474719,0.001,2.20E-05,5.55E-07,5.00E-07,1.17E-06,,,,,,9.01E-01,,1.91E-08,3.72E-07,3.44E-02,6.70E-01,0.763560113,4.74E-01,2.19E-01,3.35E+00,3.00E-01,6.41E-08,1.22E-11,1,0,0,0,0
195,brok_BW_195.png,planar_crystal,3,0,34,0,1.896605244,0.001,2.20E-05,5.55E-07,4.72E-07,1.17E-06,,,,,,8.50E-01,,1.91E-08,3.72E-07,3.44E-02,6.70E-01,0.763560113,4.74E-01,2.19E-01,3.35E+00,3.00E-01,6.41E-08,1.22E-11,1,0,0,0,0
196,brok_BW_196.png,planar_crystal,3,0,42,0,1.895880909,0.001,2.20E-05,5.55E-07,4.27E-07,1.17E-06,,,,,,7.69E-01,,1.91E-08,3.72E-07,3.44E-02,6.70E-01,0.763560113,4.74E-01,2.19E-01,3.35E+00,3.00E-01,6.41E-08,1.22E-11,1,0,0,0,0
197,brok_BW_197.png,planar_crystal,3,0,56,0,1.895000397,0.001,2.20E-05,5.55E-07,3.28E-07,1.17E-06,,,,,,5.91E-01,,1.91E-08,3.72E-07,3.44E-02,6.70E-01,0.763560113,4.74E-01,2.19E-01,3.35E+00,3.00E-01,6.41E-08,1.22E-11,1,0,0,0,0
198,brok_BW_198.png,planar_crystal,3,0,65,0,1.897486554,0.001,2.20E-05,5.55E-07,2.54E-07,1.17E-06,,,,,,4.58E-01,,1.91E-08,3.72E-07,3.44E-02,6.70E-01,0.763560113,4.74E-01,2.19E-01,3.35E+00,3.00E-01,6.41E-08,1.22E-11,1,0,0,0,0
199,brok_BW_199.png,planar_crystal,3,0,72,0,1.897556005,0.001,2.20E-05,5.55E-07,1.92E-07,1.17E-06,,,,,,3.46E-01,,1.91E-08,3.72E-07,3.44E-02,6.70E-01,0.763560113,4.74E-01,2.19E-01,3.35E+00,3.00E-01,6.41E-08,1.22E-11,1,0,0,0,0
200,brok_BW_200.png,planar_crystal,3,0,85,0,1.909765954,0.001,2.20E-05,5.55E-07,7.02E-08,1.17E-06,,,,,,1.26E-01,,1.91E-08,3.72E-07,3.44E-02,6.70E-01,0.763560113,4.74E-01,2.19E-01,3.35E+00,3.00E-01,6.41E-08,1.22E-11,1,0,0,0,0
201,brok_BW_201.png,planar_crystal,3,18,0,0,1.897608683,0.001,2.20E-05,5.55E-07,5.33E-07,1.17E-06,,,,,,9.60E-01,,1.89E-07,3.03E-07,3.41E-01,5.46E-01,0.763560113,4.74E-01,2.19E-01,3.38E-01,2.27E-01,6.41E-08,1.22E-11,1,0,0,0,0
202,brok_BW_202.png,planar_crystal,3,18,12,0,1.896109477,0.001,2.20E-05,5.55E-07,5.24E-08,1.17E-06,,,,,,9.44E-02,,1.89E-07,3.03E-07,3.41E-01,5.46E-01,0.763560113,4.74E-01,2.19E-01,3.38E-01,2.27E-01,6.41E-08,1.22E-11,1,0,0,0,0
203,brok_BW_203.png,planar_crystal,3,18,28,0,1.895917776,0.001,2.20E-05,5.55E-07,4.76E-07,1.17E-06,,,,,,8.58E-01,,1.89E-07,3.03E-07,3.41E-01,5.46E-01,0.763560113,4.74E-01,2.19E-01,3.38E-01,2.27E-01,6.41E-08,1.22E-11,1,0,0,0,0
204,brok_BW_204.png,planar_crystal,3,18,34,0,1.894894546,0.001,2.20E-05,5.55E-07,4.50E-07,1.17E-06,,,,,,8.11E-01,,1.89E-07,3.03E-07,3.41E-01,5.46E-01,0.763560113,4.74E-01,2.19E-01,3.38E-01,2.27E-01,6.41E-08,1.22E-11,1,0,0,0,0
205,brok_BW_205.png,planar_crystal,3,18,42,0,1.896524191,0.001,2.20E-05,5.55E-07,4.07E-07,1.17E-06,,,,,,7.33E-01,,1.89E-07,3.03E-07,3.41E-01,5.46E-01,0.763560113,4.74E-01,2.19E-01,3.38E-01,2.27E-01,6.41E-08,1.22E-11,1,0,0,0,0
206,brok_BW_206.png,planar_crystal,3,18,56,0,1.893780338,0.001,2.20E-05,5.55E-07,3.13E-07,1.17E-06,,,,,,5.64E-01,,1.89E-07,3.03E-07,3.41E-01,5.46E-01,0.763560113,4.74E-01,2.19E-01,3.38E-01,2.27E-01,6.41E-08,1.22E-11,1,0,0,0,0
207,brok_BW_207.png,planar_crystal,3,18,65,0,1.894528991,0.001,2.20E-05,5.55E-07,2.43E-07,1.17E-06,,,,,,4.38E-01,,1.89E-07,3.03E-07,3.41E-01,5.46E-01,0.763560113,4.74E-01,2.19E-01,3.38E-01,2.27E-01,6.41E-08,1.22E-11,1,0,0,0,0
208,brok_BW_208.png,planar_crystal,3,18,72,0,1.896872711,0.001,2.20E-05,5.55E-07,1.84E-07,1.17E-06,,,,,,3.32E-01,,1.89E-07,3.03E-07,3.41E-01,5.46E-01,0.763560113,4.74E-01,2.19E-01,3.38E-01,2.27E-01,6.41E-08,1.22E-11,1,0,0,0,0
209,brok_BW_209.png,planar_crystal,3,18,85,0,1.909565262,0.001,2.20E-05,5.55E-07,6.79E-08,1.17E-06,,,,,,1.22E-01,,1.89E-07,3.03E-07,3.41E-01,5.46E-01,0.763560113,4.74E-01,2.19E-01,3.38E-01,2.27E-01,6.41E-08,1.22E-11,1,0,0,0,0
210,brok_BW_210.png,planar_crystal,3,27,6,0,1.892156088,0.001,2.20E-05,5.55E-07,5.01E-07,1.17E-06,,,,,,9.03E-01,,2.69E-07,3.25E-07,4.85E-01,5.86E-01,0.763560113,4.74E-01,2.19E-01,2.38E-01,2.47E-01,6.41E-08,1.22E-11,1,0,0,0,0
211,brok_BW_211.png,planar_crystal,3,27,16,0,1.891658001,0.001,2.20E-05,5.55E-07,4.86E-07,1.17E-06,,,,,,8.76E-01,,2.69E-07,3.25E-07,4.85E-01,5.86E-01,0.763560113,4.74E-01,2.19E-01,2.38E-01,2.47E-01,6.41E-08,1.22E-11,1,0,0,0,0
212,brok_BW_212.png,planar_crystal,3,27,26,0,1.891493236,0.001,2.20E-05,5.55E-07,4.57E-07,1.17E-06,,,,,,8.23E-01,,2.69E-07,3.25E-07,4.85E-01,5.86E-01,0.763560113,4.74E-01,2.19E-01,2.38E-01,2.47E-01,6.41E-08,1.22E-11,1,0,0,0,0
213,brok_BW_213.png,planar_crystal,3,27,36,0,1.892178305,0.001,2.20E-05,5.55E-07,4.13E-07,1.17E-06,,,,,,7.44E-01,,2.69E-07,3.25E-07,4.85E-01,5.86E-01,0.763560113,4.74E-01,2.19E-01,2.38E-01,2.47E-01,6.41E-08,1.22E-11,1,0,0,0,0
214,brok_BW_214.png,planar_crystal,3,27,46,0,1.892414047,0.001,2.20E-05,5.55E-07,3.59E-07,1.17E-06,,,,,,6.47E-01,,2.69E-07,3.25E-07,4.85E-01,5.86E-01,0.763560113,4.74E-01,2.19E-01,2.38E-01,2.47E-01,6.41E-08,1.22E-11,1,0,0,0,0
215,brok_BW_215.png,planar_crystal,3,27,56,0,1.891576092,0.001,2.20E-05,5.55E-07,2.95E-07,1.17E-06,,,,,,5.32E-01,,2.69E-07,3.25E-07,4.85E-01,5.86E-01,0.763560113,4.74E-01,2.19E-01,2.38E-01,2.47E-01,6.41E-08,1.22E-11,1,0,0,0,0
216,brok_BW_216.png,planar_crystal,3,27,66,0,1.891879732,0.001,2.20E-05,5.55E-07,2.21E-07,1.17E-06,,,,,,3.98E-01,,2.69E-07,3.25E-07,4.85E-01,5.86E-01,0.763560113,4.74E-01,2.19E-01,2.38E-01,2.47E-01,6.41E-08,1.22E-11,1,0,0,0,0
217,brok_BW_217.png,planar_crystal,3,27,76,0,1.898226312,0.001,2.20E-05,5.55E-07,1.41E-07,1.17E-06,,,,,,2.54E-01,,2.69E-07,3.25E-07,4.85E-01,5.86E-01,0.763560113,4.74E-01,2.19E-01,2.38E-01,2.47E-01,6.41E-08,1.22E-11,1,0,0,0,0
218,brok_BW_218.png,planar_crystal,3,27,86,0,1.910198029,0.001,2.20E-05,5.55E-07,5.64E-08,1.17E-06,,,,,,1.02E-01,,2.69E-07,3.25E-07,4.85E-01,5.86E-01,0.763560113,4.74E-01,2.19E-01,2.38E-01,2.47E-01,6.41E-08,1.22E-11,1,0,0,0,0
219,brok_BW_219.png,planar_crystal,3,32,2,0,1.891153936,0.001,2.20E-05,5.55E-07,4.80E-07,1.17E-06,,,,,,8.65E-01,,3.10E-07,3.19E-07,5.59E-01,5.75E-01,0.763560113,4.74E-01,2.19E-01,2.07E-01,2.41E-01,6.41E-08,1.22E-11,1,0,0,0,0
220,brok_BW_220.png,planar_crystal,3,32,14,0,1.892551419,0.001,2.20E-05,5.55E-07,4.69E-07,1.17E-06,,,,,,8.45E-01,,3.10E-07,3.19E-07,5.59E-01,5.75E-01,0.763560113,4.74E-01,2.19E-01,2.07E-01,2.41E-01,6.41E-08,1.22E-11,1,0,0,0,0
221,brok_BW_221.png,planar_crystal,3,32,26,0,1.891155695,0.001,2.20E-05,5.55E-07,4.37E-07,1.17E-06,,,,,,7.87E-01,,3.10E-07,3.19E-07,5.59E-01,5.75E-01,0.763560113,4.74E-01,2.19E-01,2.07E-01,2.41E-01,6.41E-08,1.22E-11,1,0,0,0,0
222,brok_BW_222.png,planar_crystal,3,32,38,0,1.889414142,0.001,2.20E-05,5.55E-07,3.85E-07,1.17E-06,,,,,,6.94E-01,,3.10E-07,3.19E-07,5.59E-01,5.75E-01,0.763560113,4.74E-01,2.19E-01,2.07E-01,2.41E-01,6.41E-08,1.22E-11,1,0,0,0,0
223,brok_BW_223.png,planar_crystal,3,32,50,0,1.891288382,0.001,2.20E-05,5.55E-07,3.19E-07,1.17E-06,,,,,,5.75E-01,,3.10E-07,3.19E-07,5.59E-01,5.75E-01,0.763560113,4.74E-01,2.19E-01,2.07E-01,2.41E-01,6.41E-08,1.22E-11,1,0,0,0,0
224,brok_BW_224.png,planar_crystal,3,32,62,0,1.8879877,0.001,2.20E-05,5.55E-07,2.40E-07,1.17E-06,,,,,,4.32E-01,,3.10E-07,3.19E-07,5.59E-01,5.75E-01,0.763560113,4.74E-01,2.19E-01,2.07E-01,2.41E-01,6.41E-08,1.22E-11,1,0,0,0,0
225,brok_BW_225.png,planar_crystal,3,32,74,0,1.89473018,0.001,2.20E-05,5.55E-07,1.51E-07,1.17E-06,,,,,,2.72E-01,,3.10E-07,3.19E-07,5.59E-01,5.75E-01,0.763560113,4.74E-01,2.19E-01,2.07E-01,2.41E-01,6.41E-08,1.22E-11,1,0,0,0,0
226,brok_BW_226.png,planar_crystal,3,32,84,0,1.907163888,0.001,2.20E-05,5.55E-07,7.10E-08,1.17E-06,,,,,,1.28E-01,,3.10E-07,3.19E-07,5.59E-01,5.75E-01,0.763560113,4.74E-01,2.19E-01,2.07E-01,2.41E-01,6.41E-08,1.22E-11,1,0,0,0,0
227,brok_BW_227.png,planar_crystal,3,41,4,0,1.890730049,0.001,2.20E-05,5.55E-07,4.31E-07,1.17E-06,,,,,,7.77E-01,,3.78E-07,2.82E-07,6.81E-01,5.08E-01,0.763560113,4.74E-01,2.19E-01,1.69E-01,2.11E-01,6.41E-08,1.22E-11,1,0,0,0,0
228,brok_BW_228.png,planar_crystal,3,41,10,0,1.893302871,0.001,2.20E-05,5.55E-07,4.26E-07,1.17E-06,,,,,,7.68E-01,,3.78E-07,2.82E-07,6.81E-01,5.08E-01,0.763560113,4.74E-01,2.19E-01,1.69E-01,2.11E-01,6.41E-08,1.22E-11,1,0,0,0,0
229,brok_BW_229.png,planar_crystal,3,41,20,0,1.893252299,0.001,2.20E-05,5.55E-07,4.09E-07,1.17E-06,,,,,,7.37E-01,,3.78E-07,2.82E-07,6.81E-01,5.08E-01,0.763560113,4.74E-01,2.19E-01,1.69E-01,2.11E-01,6.41E-08,1.22E-11,1,0,0,0,0
230,brok_BW_230.png,planar_crystal,3,41,30,0,1.892725222,0.001,2.20E-05,5.55E-07,3.79E-07,1.17E-06,,,,,,6.83E-01,,3.78E-07,2.82E-07,6.81E-01,5.08E-01,0.763560113,4.74E-01,2.19E-01,1.69E-01,2.11E-01,6.41E-08,1.22E-11,1,0,0,0,0
231,brok_BW_231.png,planar_crystal,3,41,40,0,1.892979117,0.001,2.20E-05,5.55E-07,3.37E-07,1.17E-06,,,,,,6.07E-01,,3.78E-07,2.82E-07,6.81E-01,5.08E-01,0.763560113,4.74E-01,2.19E-01,1.69E-01,2.11E-01,6.41E-08,1.22E-11,1,0,0,0,0
232,brok_BW_232.png,planar_crystal,3,41,50,0,1.88729,0.001,2.20E-05,5.55E-07,2.85E-07,1.17E-06,,,,,,5.14E-01,,3.78E-07,2.82E-07,6.81E-01,5.08E-01,0.763560113,4.74E-01,2.19E-01,1.69E-01,2.11E-01,6.41E-08,1.22E-11,1,0,0,0,0
233,brok_BW_233.png,planar_crystal,3,41,60,0,1.881952753,0.001,2.20E-05,5.55E-07,2.28E-07,1.17E-06,,,,,,4.11E-01,,3.78E-07,2.82E-07,6.81E-01,5.08E-01,0.763560113,4.74E-01,2.19E-01,1.69E-01,2.11E-01,6.41E-08,1.22E-11,1,0,0,0,0
234,brok_BW_234.png,planar_crystal,3,41,70,0,1.886524787,0.001,2.20E-05,5.55E-07,1.64E-07,1.17E-06,,,,,,2.95E-01,,3.78E-07,2.82E-07,6.81E-01,5.08E-01,0.763560113,4.74E-01,2.19E-01,1.69E-01,2.11E-01,6.41E-08,1.22E-11,1,0,0,0,0
235,brok_BW_235.png,planar_crystal,3,41,80,0,1.899864759,0.001,2.20E-05,5.55E-07,9.43E-08,1.17E-06,,,,,,1.70E-01,,3.78E-07,2.82E-07,6.81E-01,5.08E-01,0.763560113,4.74E-01,2.19E-01,1.69E-01,2.11E-01,6.41E-08,1.22E-11,1,0,0,0,0
236,brok_BW_236.png,planar_crystal,3,41,84,0,1.905163358,0.001,2.20E-05,5.55E-07,6.56E-08,1.17E-06,,,,,,1.18E-01,,3.78E-07,2.82E-07,6.81E-01,5.08E-01,0.763560113,4.74E-01,2.19E-01,1.69E-01,2.11E-01,6.41E-08,1.22E-11,1,0,0,0,0
237,brok_BW_237.png,planar_crystal,3,51,0,0,1.890734779,0.001,2.20E-05,5.55E-07,3.64E-07,1.17E-06,,,,,,6.56E-01,,4.43E-07,2.49E-07,7.98E-01,4.49E-01,0.763560113,4.74E-01,2.19E-01,1.45E-01,1.91E-01,6.41E-08,1.22E-11,1,0,0,0,0
238,brok_BW_238.png,planar_crystal,3,51,8,0,1.892488585,0.001,2.20E-05,5.55E-07,3.62E-07,1.17E-06,,,,,,6.52E-01,,4.43E-07,2.49E-07,7.98E-01,4.49E-01,0.763560113,4.74E-01,2.19E-01,1.45E-01,1.91E-01,6.41E-08,1.22E-11,1,0,0,0,0
239,brok_BW_239.png,planar_crystal,3,51,18,0,1.894963781,0.001,2.20E-05,5.55E-07,3.49E-07,1.17E-06,,,,,,6.29E-01,,4.43E-07,2.49E-07,7.98E-01,4.49E-01,0.763560113,4.74E-01,2.19E-01,1.45E-01,1.91E-01,6.41E-08,1.22E-11,1,0,0,0,0
240,brok_BW_240.png,planar_crystal,3,51,28,0,1.893031176,0.001,2.20E-05,5.55E-07,3.26E-07,1.17E-06,,,,,,5.87E-01,,4.43E-07,2.49E-07,7.98E-01,4.49E-01,0.763560113,4.74E-01,2.19E-01,1.45E-01,1.91E-01,6.41E-08,1.22E-11,1,0,0,0,0
241,brok_BW_241.png,planar_crystal,3,51,40,0,1.895141634,0.001,2.20E-05,5.55E-07,2.86E-07,1.17E-06,,,,,,5.15E-01,,4.43E-07,2.49E-07,7.98E-01,4.49E-01,0.763560113,4.74E-01,2.19E-01,1.45E-01,1.91E-01,6.41E-08,1.22E-11,1,0,0,0,0
242,brok_BW_242.png,planar_crystal,3,51,52,0,1.892439899,0.001,2.20E-05,5.55E-07,2.33E-07,1.17E-06,,,,,,4.20E-01,,4.43E-07,2.49E-07,7.98E-01,4.49E-01,0.763560113,4.74E-01,2.19E-01,1.45E-01,1.91E-01,6.41E-08,1.22E-11,1,0,0,0,0
243,brok_BW_243.png,planar_crystal,3,51,64,0,1.881043924,0.001,2.20E-05,5.55E-07,1.73E-07,1.17E-06,,,,,,3.12E-01,,4.43E-07,2.49E-07,7.98E-01,4.49E-01,0.763560113,4.74E-01,2.19E-01,1.45E-01,1.91E-01,6.41E-08,1.22E-11,1,0,0,0,0
244,brok_BW_244.png,planar_crystal,3,51,76,0,1.897885589,0.001,2.20E-05,5.55E-07,1.06E-07,1.17E-06,,,,,,1.91E-01,,4.43E-07,2.49E-07,7.98E-01,4.49E-01,0.763560113,4.74E-01,2.19E-01,1.45E-01,1.91E-01,6.41E-08,1.22E-11,1,0,0,0,0
245,brok_BW_245.png,planar_crystal,3,51,86,0,1.909629709,0.001,2.20E-05,5.55E-07,4.63E-08,1.17E-06,,,,,,8.34E-02,,4.43E-07,2.49E-07,7.98E-01,4.49E-01,0.763560113,4.74E-01,2.19E-01,1.45E-01,1.91E-01,6.41E-08,1.22E-11,1,0,0,0,0
246,brok_BW_246.png,planar_crystal,3,61,2,0,1.890245504,0.001,2.20E-05,5.55E-07,2.86E-07,1.17E-06,,,,,,5.15E-01,,4.94E-07,1.94E-07,8.90E-01,3.50E-01,0.763560113,4.74E-01,2.19E-01,1.30E-01,1.64E-01,6.41E-08,1.22E-11,1,0,0,0,0
247,brok_BW_247.png,planar_crystal,3,61,12,0,1.894201299,0.001,2.20E-05,5.55E-07,2.82E-07,1.17E-06,,,,,,5.08E-01,,4.94E-07,1.94E-07,8.90E-01,3.50E-01,0.763560113,4.74E-01,2.19E-01,1.30E-01,1.64E-01,6.41E-08,1.22E-11,1,0,0,0,0
248,brok_BW_248.png,planar_crystal,3,61,24,0,1.897292747,0.001,2.20E-05,5.55E-07,2.65E-07,1.17E-06,,,,,,4.77E-01,,4.94E-07,1.94E-07,8.90E-01,3.50E-01,0.763560113,4.74E-01,2.19E-01,1.30E-01,1.64E-01,6.41E-08,1.22E-11,1,0,0,0,0
249,brok_BW_249.png,planar_crystal,3,61,35,0,1.895328175,0.001,2.20E-05,5.55E-07,2.40E-07,1.17E-06,,,,,,4.32E-01,,4.94E-07,1.94E-07,8.90E-01,3.50E-01,0.763560113,4.74E-01,2.19E-01,1.30E-01,1.64E-01,6.41E-08,1.22E-11,1,0,0,0,0
250,brok_BW_250.png,planar_crystal,3,61,44,0,1.893755496,0.001,2.20E-05,5.55E-07,2.13E-07,1.17E-06,,,,,,3.84E-01,,4.94E-07,1.94E-07,8.90E-01,3.50E-01,0.763560113,4.74E-01,2.19E-01,1.30E-01,1.64E-01,6.41E-08,1.22E-11,1,0,0,0,0
251,brok_BW_251.png,planar_crystal,3,61,54,0,1.892427701,0.001,2.20E-05,5.55E-07,1.77E-07,1.17E-06,,,,,,3.19E-01,,4.94E-07,1.94E-07,8.90E-01,3.50E-01,0.763560113,4.74E-01,2.19E-01,1.30E-01,1.64E-01,6.41E-08,1.22E-11,1,0,0,0,0
252,brok_BW_252.png,planar_crystal,3,61,64,0,1.894576762,0.001,2.20E-05,5.55E-07,1.38E-07,1.17E-06,,,,,,2.49E-01,,4.94E-07,1.94E-07,8.90E-01,3.50E-01,0.763560113,4.74E-01,2.19E-01,1.30E-01,1.64E-01,6.41E-08,1.22E-11,1,0,0,0,0
253,brok_BW_253.png,planar_crystal,3,61,74,0,1.903892607,0.001,2.20E-05,5.55E-07,9.53E-08,1.17E-06,,,,,,1.72E-01,,4.94E-07,1.94E-07,8.90E-01,3.50E-01,0.763560113,4.74E-01,2.19E-01,1.30E-01,1.64E-01,6.41E-08,1.22E-11,1,0,0,0,0
254,brok_BW_254.png,planar_crystal,3,61,84,0,1.911035043,0.001,2.20E-05,5.55E-07,5.00E-08,1.17E-06,,,,,,9.01E-02,,4.94E-07,1.94E-07,8.90E-01,3.50E-01,0.763560113,4.74E-01,2.19E-01,1.30E-01,1.64E-01,6.41E-08,1.22E-11,1,0,0,0,0
255,brok_BW_255.png,planar_crystal,3,73,4,0,1.892449307,0.001,2.20E-05,5.55E-07,1.81E-07,1.17E-06,,,,,,3.26E-01,,5.36E-07,1.26E-07,9.66E-01,2.27E-01,0.763560113,4.74E-01,2.19E-01,1.20E-01,1.39E-01,6.41E-08,1.22E-11,1,0,0,0,0
256,brok_BW_256.png,planar_crystal,3,73,14,0,1.897722758,0.001,2.20E-05,5.55E-07,1.78E-07,1.17E-06,,,,,,3.21E-01,,5.36E-07,1.26E-07,9.66E-01,2.27E-01,0.763560113,4.74E-01,2.19E-01,1.20E-01,1.39E-01,6.41E-08,1.22E-11,1,0,0,0,0
257,brok_BW_257.png,planar_crystal,3,73,24,0,1.900564073,0.001,2.20E-05,5.55E-07,1.69E-07,1.17E-06,,,,,,3.05E-01,,5.36E-07,1.26E-07,9.66E-01,2.27E-01,0.763560113,4.74E-01,2.19E-01,1.20E-01,1.39E-01,6.41E-08,1.22E-11,1,0,0,0,0
258,brok_BW_258.png,planar_crystal,3,73,34,0,1.90097987,0.001,2.20E-05,5.55E-07,1.56E-07,1.17E-06,,,,,,2.81E-01,,5.36E-07,1.26E-07,9.66E-01,2.27E-01,0.763560113,4.74E-01,2.19E-01,1.20E-01,1.39E-01,6.41E-08,1.22E-11,1,0,0,0,0
259,brok_BW_259.png,planar_crystal,3,73,44,0,1.901598476,0.001,2.20E-05,5.55E-07,1.37E-07,1.17E-06,,,,,,2.47E-01,,5.36E-07,1.26E-07,9.66E-01,2.27E-01,0.763560113,4.74E-01,2.19E-01,1.20E-01,1.39E-01,6.41E-08,1.22E-11,1,0,0,0,0
260,brok_BW_260.png,planar_crystal,3,73,54,0,1.902509658,0.001,2.20E-05,5.55E-07,1.15E-07,1.17E-06,,,,,,2.07E-01,,5.36E-07,1.26E-07,9.66E-01,2.27E-01,0.763560113,4.74E-01,2.19E-01,1.20E-01,1.39E-01,6.41E-08,1.22E-11,1,0,0,0,0
261,brok_BW_261.png,planar_crystal,3,73,64,0,1.904437525,0.001,2.20E-05,5.55E-07,9.08E-08,1.17E-06,,,,,,1.64E-01,,5.36E-07,1.26E-07,9.66E-01,2.27E-01,0.763560113,4.74E-01,2.19E-01,1.20E-01,1.39E-01,6.41E-08,1.22E-11,1,0,0,0,0
262,brok_BW_262.png,planar_crystal,3,73,74,0,1.909782576,0.001,2.20E-05,5.55E-07,6.58E-08,1.17E-06,,,,,,1.19E-01,,5.36E-07,1.26E-07,9.66E-01,2.27E-01,0.763560113,4.74E-01,2.19E-01,1.20E-01,1.39E-01,6.41E-08,1.22E-11,1,0,0,0,0
263,brok_BW_263.png,planar_crystal,3,73,84,0,1.913487766,0.001,2.20E-05,5.55E-07,3.88E-08,1.17E-06,,,,,,6.99E-02,,5.36E-07,1.26E-07,9.66E-01,2.27E-01,0.763560113,4.74E-01,2.19E-01,1.20E-01,1.39E-01,6.41E-08,1.22E-11,1,0,0,0,0
264,brok_BW_264.png,planar_crystal,3,82,0,0,1.903924121,0.001,2.20E-05,5.55E-07,9.60E-08,1.17E-06,,,,,,1.73E-01,,5.52E-07,7.40E-08,9.95E-01,1.33E-01,0.763560113,4.74E-01,2.19E-01,1.16E-01,1.25E-01,6.41E-08,1.22E-11,1,0,0,0,0
265,brok_BW_265.png,planar_crystal,3,82,10,0,1.906067692,0.001,2.20E-05,5.55E-07,9.65E-08,1.17E-06,,,,,,1.74E-01,,5.52E-07,7.40E-08,9.95E-01,1.33E-01,0.763560113,4.74E-01,2.19E-01,1.16E-01,1.25E-01,6.41E-08,1.22E-11,1,0,0,0,0
266,brok_BW_266.png,planar_crystal,3,82,20,0,1.908117032,0.001,2.20E-05,5.55E-07,9.40E-08,1.17E-06,,,,,,1.69E-01,,5.52E-07,7.40E-08,9.95E-01,1.33E-01,0.763560113,4.74E-01,2.19E-01,1.16E-01,1.25E-01,6.41E-08,1.22E-11,1,0,0,0,0
267,brok_BW_267.png,planar_crystal,3,82,30,0,1.908228071,0.001,2.20E-05,5.55E-07,8.87E-08,1.17E-06,,,,,,1.60E-01,,5.52E-07,7.40E-08,9.95E-01,1.33E-01,0.763560113,4.74E-01,2.19E-01,1.16E-01,1.25E-01,6.41E-08,1.22E-11,1,0,0,0,0
268,brok_BW_268.png,planar_crystal,3,82,40,0,1.909504404,0.001,2.20E-05,5.55E-07,8.06E-08,1.17E-06,,,,,,1.45E-01,,5.52E-07,7.40E-08,9.95E-01,1.33E-01,0.763560113,4.74E-01,2.19E-01,1.16E-01,1.25E-01,6.41E-08,1.22E-11,1,0,0,0,0
269,brok_BW_269.png,planar_crystal,3,82,50,0,1.90946054,0.001,2.20E-05,5.55E-07,7.02E-08,1.17E-06,,,,,,1.26E-01,,5.52E-07,7.40E-08,9.95E-01,1.33E-01,0.763560113,4.74E-01,2.19E-01,1.16E-01,1.25E-01,6.41E-08,1.22E-11,1,0,0,0,0
270,brok_BW_270.png,planar_crystal,3,82,60,0,1.909176506,0.001,2.20E-05,5.55E-07,5.76E-08,1.17E-06,,,,,,1.04E-01,,5.52E-07,7.40E-08,9.95E-01,1.33E-01,0.763560113,4.74E-01,2.19E-01,1.16E-01,1.25E-01,6.41E-08,1.22E-11,1,0,0,0,0
271,brok_BW_271.png,planar_crystal,3,82,70,0,1.911786102,0.001,2.20E-05,5.55E-07,4.71E-08,1.17E-06,,,,,,8.49E-02,,5.52E-07,7.40E-08,9.95E-01,1.33E-01,0.763560113,4.74E-01,2.19E-01,1.16E-01,1.25E-01,6.41E-08,1.22E-11,1,0,0,0,0
